INFO 2026-05-02 18:53:17,082 autoreload Watching for file changes with StatReloader
INFO 2026-05-02 18:53:43,745 autoreload C:\Users\neera\OneDrive\Desktop\smart-placement-platform\accounts\models.py changed, reloading.
INFO 2026-05-02 18:53:45,571 autoreload Watching for file changes with StatReloader
INFO 2026-05-02 18:54:35,633 autoreload C:\Users\neera\OneDrive\Desktop\smart-placement-platform\core\models.py changed, reloading.
INFO 2026-05-02 18:54:37,570 autoreload Watching for file changes with StatReloader
INFO 2026-05-02 18:56:21,660 autoreload C:\Users\neera\OneDrive\Desktop\smart-placement-platform\accounts\views.py changed, reloading.
INFO 2026-05-02 18:56:23,483 autoreload Watching for file changes with StatReloader
INFO 2026-05-02 19:02:35,307 autoreload C:\Users\neera\OneDrive\Desktop\smart-placement-platform\accounts\views.py changed, reloading.
INFO 2026-05-02 19:02:37,914 autoreload Watching for file changes with StatReloader
INFO 2026-05-02 19:03:20,066 autoreload C:\Users\neera\OneDrive\Desktop\smart-placement-platform\accounts\views.py changed, reloading.
INFO 2026-05-02 19:03:22,371 autoreload Watching for file changes with StatReloader
INFO 2026-05-02 19:03:32,734 autoreload C:\Users\neera\OneDrive\Desktop\smart-placement-platform\accounts\views.py changed, reloading.
INFO 2026-05-02 19:03:35,673 autoreload Watching for file changes with StatReloader
INFO 2026-05-02 19:03:41,793 autoreload C:\Users\neera\OneDrive\Desktop\smart-placement-platform\accounts\views.py changed, reloading.
INFO 2026-05-02 19:03:45,210 autoreload Watching for file changes with StatReloader
INFO 2026-05-02 19:04:15,392 autoreload C:\Users\neera\OneDrive\Desktop\smart-placement-platform\config\settings.py changed, reloading.
INFO 2026-05-02 19:04:19,968 autoreload Watching for file changes with StatReloader
INFO 2026-05-02 22:13:54,339 autoreload Watching for file changes with StatReloader
INFO 2026-05-02 23:17:04,543 autoreload Watching for file changes with StatReloader
INFO 2026-05-02 23:18:54,535 log "GET /admin/ HTTP/1.1" 302 0
INFO 2026-05-02 23:18:54,836 log "GET /admin/login/?next=/admin/ HTTP/1.1" 200 4077
INFO 2026-05-02 23:18:54,894 basehttp - Broken pipe from ('127.0.0.1', 63538)
INFO 2026-05-02 23:19:03,657 log "GET /api/health/ HTTP/1.1" 200 51
INFO 2026-05-02 23:19:03,711 basehttp - Broken pipe from ('127.0.0.1', 49286)
INFO 2026-05-02 23:20:15,493 autoreload C:\Users\neera\OneDrive\Desktop\smart-placement-platform\accounts\views.py changed, reloading.
INFO 2026-05-02 23:20:17,608 autoreload Watching for file changes with StatReloader
WARNING 2026-05-02 23:20:44,945 log Bad Request: /api/auth/login/
WARNING 2026-05-02 23:20:44,946 log "POST /api/auth/login/ HTTP/1.1" 400 43
INFO 2026-05-02 23:20:44,980 basehttp - Broken pipe from ('127.0.0.1', 61300)
WARNING 2026-05-02 23:20:45,010 log Bad Request: /api/auth/token/refresh/
WARNING 2026-05-02 23:20:45,012 log "POST /api/auth/token/refresh/ HTTP/1.1" 400 37
INFO 2026-05-02 23:20:45,039 basehttp - Broken pipe from ('127.0.0.1', 61303)
WARNING 2026-05-02 23:20:45,266 log Bad Request: /api/auth/register/
WARNING 2026-05-02 23:20:45,268 log "POST /api/auth/register/ HTTP/1.1" 400 111
INFO 2026-05-02 23:20:45,295 basehttp - Broken pipe from ('127.0.0.1', 61301)
INFO 2026-05-02 23:22:11,250 autoreload C:\Users\neera\OneDrive\Desktop\smart-placement-platform\config\settings.py changed, reloading.
INFO 2026-05-02 23:22:12,831 autoreload Watching for file changes with StatReloader
INFO 2026-05-02 23:22:31,022 log "GET /api/health/ HTTP/1.1" 200 51
WARNING 2026-05-02 23:22:31,043 log Bad Request: /api/auth/login/
WARNING 2026-05-02 23:22:31,045 log "POST /api/auth/login/ HTTP/1.1" 400 43
INFO 2026-05-02 23:22:31,066 basehttp - Broken pipe from ('127.0.0.1', 49327)
INFO 2026-05-02 23:22:31,070 basehttp - Broken pipe from ('127.0.0.1', 49329)
INFO 2026-05-02 23:27:18,441 log "OPTIONS /api/auth/login/ HTTP/1.1" 200 0
INFO 2026-05-02 23:27:19,977 log "POST /api/auth/login/ HTTP/1.1" 200 659
INFO 2026-05-02 23:27:20,052 log "OPTIONS /api/auth/dashboard/ HTTP/1.1" 200 0
INFO 2026-05-02 23:27:20,054 log "OPTIONS /api/auth/dashboard/ HTTP/1.1" 200 0
INFO 2026-05-02 23:27:20,638 log "GET /api/auth/dashboard/ HTTP/1.1" 200 14633
INFO 2026-05-02 23:27:21,238 log "GET /api/auth/dashboard/ HTTP/1.1" 200 14633
INFO 2026-05-02 23:27:32,438 log "OPTIONS /api/learning-path/ HTTP/1.1" 200 0
INFO 2026-05-02 23:27:32,438 log "OPTIONS /api/learning-path/ HTTP/1.1" 200 0
INFO 2026-05-02 23:27:32,938 log "GET /api/learning-path/ HTTP/1.1" 200 29755
INFO 2026-05-02 23:27:33,318 log "GET /api/learning-path/ HTTP/1.1" 200 29755
INFO 2026-05-02 23:27:50,749 log "OPTIONS /api/practice/ HTTP/1.1" 200 0
INFO 2026-05-02 23:27:50,749 log "OPTIONS /api/practice/ HTTP/1.1" 200 0
INFO 2026-05-02 23:27:51,243 log "GET /api/practice/ HTTP/1.1" 200 19172
INFO 2026-05-02 23:27:51,715 log "GET /api/practice/ HTTP/1.1" 200 19172
INFO 2026-05-02 23:28:03,271 log "GET /api/practice/ HTTP/1.1" 200 19172
INFO 2026-05-02 23:28:03,736 log "GET /api/practice/ HTTP/1.1" 200 19172
INFO 2026-05-02 23:28:14,668 log "OPTIONS /api/code/execute/ HTTP/1.1" 200 0
ERROR 2026-05-02 23:28:16,801 views Code execution failed: 401 Client Error: Unauthorized for url: https://emkc.org/api/v2/piston/execute
ERROR 2026-05-02 23:28:16,807 log Service Unavailable: /api/code/execute/
ERROR 2026-05-02 23:28:16,808 log "POST /api/code/execute/ HTTP/1.1" 503 47
INFO 2026-05-02 23:28:28,307 log "OPTIONS /api/interview/start/ HTTP/1.1" 200 0
INFO 2026-05-02 23:28:28,775 log "POST /api/interview/start/ HTTP/1.1" 200 212
INFO 2026-05-02 23:28:36,887 log "OPTIONS /api/interview/submit/ HTTP/1.1" 200 0
INFO 2026-05-02 23:28:38,214 log "POST /api/interview/submit/ HTTP/1.1" 200 274
INFO 2026-05-02 23:28:38,224 log "OPTIONS /api/interview/question/ HTTP/1.1" 200 0
INFO 2026-05-02 23:28:38,759 log "POST /api/interview/question/ HTTP/1.1" 200 195
INFO 2026-05-02 23:28:45,525 log "OPTIONS /api/analytics/full/ HTTP/1.1" 200 0
INFO 2026-05-02 23:28:45,526 log "OPTIONS /api/analytics/full/ HTTP/1.1" 200 0
INFO 2026-05-02 23:28:46,150 log "GET /api/analytics/full/ HTTP/1.1" 200 8389
INFO 2026-05-02 23:28:46,710 log "GET /api/analytics/full/ HTTP/1.1" 200 8389
INFO 2026-05-02 23:32:51,158 log "OPTIONS /api/companies/ HTTP/1.1" 200 0
INFO 2026-05-02 23:32:51,159 log "OPTIONS /api/companies/ HTTP/1.1" 200 0
INFO 2026-05-02 23:32:51,612 log "GET /api/companies/ HTTP/1.1" 200 6601
INFO 2026-05-02 23:32:52,020 log "GET /api/companies/ HTTP/1.1" 200 6601
INFO 2026-05-02 23:33:39,636 log "OPTIONS /api/auth/profile/ HTTP/1.1" 200 0
INFO 2026-05-02 23:33:39,636 log "OPTIONS /api/auth/profile/ HTTP/1.1" 200 0
INFO 2026-05-02 23:33:40,128 log "GET /api/auth/profile/ HTTP/1.1" 200 949
INFO 2026-05-02 23:33:40,644 log "GET /api/auth/profile/ HTTP/1.1" 200 949
INFO 2026-05-02 23:33:46,710 log "OPTIONS /api/auth/settings/ HTTP/1.1" 200 0
INFO 2026-05-02 23:33:46,710 log "OPTIONS /api/auth/settings/ HTTP/1.1" 200 0
INFO 2026-05-02 23:33:47,183 log "GET /api/auth/settings/ HTTP/1.1" 200 178
INFO 2026-05-02 23:33:47,642 log "GET /api/auth/settings/ HTTP/1.1" 200 178
INFO 2026-05-02 23:33:53,349 log "GET /api/auth/dashboard/ HTTP/1.1" 200 14633
INFO 2026-05-02 23:33:53,994 log "GET /api/auth/dashboard/ HTTP/1.1" 200 14633
INFO 2026-05-02 23:34:00,810 log "GET /api/learning-path/ HTTP/1.1" 200 29755
INFO 2026-05-02 23:34:01,292 log "GET /api/learning-path/ HTTP/1.1" 200 29755
INFO 2026-05-02 23:34:42,069 log "GET /api/practice/ HTTP/1.1" 200 19172
INFO 2026-05-02 23:34:42,522 log "GET /api/practice/ HTTP/1.1" 200 19172
INFO 2026-05-02 23:34:43,436 log "GET /api/auth/dashboard/ HTTP/1.1" 200 14633
INFO 2026-05-02 23:34:44,014 log "GET /api/auth/dashboard/ HTTP/1.1" 200 14633
INFO 2026-05-02 23:34:49,255 log "GET /api/practice/ HTTP/1.1" 200 19172
INFO 2026-05-02 23:34:49,765 log "GET /api/practice/ HTTP/1.1" 200 19172
INFO 2026-05-02 23:34:51,178 log "OPTIONS /api/topics/5/questions/ HTTP/1.1" 200 0
INFO 2026-05-02 23:34:51,493 log "GET /api/topics/5/questions/ HTTP/1.1" 200 434
INFO 2026-05-02 23:34:56,633 log "GET /api/learning-path/ HTTP/1.1" 200 29755
INFO 2026-05-02 23:34:57,161 log "GET /api/learning-path/ HTTP/1.1" 200 29755
INFO 2026-05-02 23:34:57,554 log "GET /api/practice/ HTTP/1.1" 200 19172
INFO 2026-05-02 23:34:57,986 log "GET /api/practice/ HTTP/1.1" 200 19172
INFO 2026-05-02 23:35:11,571 log "GET /api/practice/ HTTP/1.1" 200 19172
INFO 2026-05-02 23:35:12,090 log "GET /api/practice/ HTTP/1.1" 200 19172
INFO 2026-05-02 23:35:16,246 log "OPTIONS /api/tests/3/start/ HTTP/1.1" 200 0
INFO 2026-05-02 23:35:16,761 log "POST /api/tests/3/start/ HTTP/1.1" 200 85
INFO 2026-05-02 23:35:16,767 log "OPTIONS /api/tests/3/ HTTP/1.1" 200 0
INFO 2026-05-02 23:35:17,065 log "GET /api/tests/3/ HTTP/1.1" 200 2151
INFO 2026-05-02 23:35:23,788 log "GET /api/practice/ HTTP/1.1" 200 19172
INFO 2026-05-02 23:35:24,313 log "GET /api/practice/ HTTP/1.1" 200 19172
INFO 2026-05-02 23:35:24,885 log "GET /api/practice/ HTTP/1.1" 200 19172
INFO 2026-05-02 23:35:25,431 log "GET /api/practice/ HTTP/1.1" 200 19172
INFO 2026-05-02 23:37:44,225 log "POST /api/interview/start/ HTTP/1.1" 200 212
INFO 2026-05-02 23:37:51,826 log "GET /api/analytics/full/ HTTP/1.1" 200 8389
INFO 2026-05-02 23:37:52,507 log "GET /api/analytics/full/ HTTP/1.1" 200 8389
INFO 2026-05-02 23:37:53,595 log "POST /api/interview/start/ HTTP/1.1" 200 204
INFO 2026-05-02 23:37:57,084 log "GET /api/analytics/full/ HTTP/1.1" 200 8389
INFO 2026-05-02 23:37:57,655 log "GET /api/analytics/full/ HTTP/1.1" 200 8389
INFO 2026-05-02 23:38:07,132 log "GET /api/companies/ HTTP/1.1" 200 6601
INFO 2026-05-02 23:38:07,624 log "GET /api/companies/ HTTP/1.1" 200 6601
INFO 2026-05-02 23:38:56,708 log "OPTIONS /api/auth/logout/ HTTP/1.1" 200 0
INFO 2026-05-02 23:38:56,718 log "POST /api/auth/logout/ HTTP/1.1" 200 37
INFO 2026-05-02 23:39:03,248 log "POST /api/auth/login/ HTTP/1.1" 200 657
WARNING 2026-05-02 23:39:03,275 log Forbidden: /api/auth/dashboard/
WARNING 2026-05-02 23:39:03,276 log "GET /api/auth/dashboard/ HTTP/1.1" 403 83
WARNING 2026-05-02 23:39:03,285 log Forbidden: /api/auth/dashboard/
WARNING 2026-05-02 23:39:03,286 log "GET /api/auth/dashboard/ HTTP/1.1" 403 83
INFO 2026-05-02 23:43:40,314 autoreload C:\Users\neera\OneDrive\Desktop\smart-placement-platform\core\views.py changed, reloading.
INFO 2026-05-02 23:43:41,539 autoreload Watching for file changes with StatReloader
INFO 2026-05-02 23:43:48,683 autoreload C:\Users\neera\OneDrive\Desktop\smart-placement-platform\core\views.py changed, reloading.
INFO 2026-05-02 23:43:50,170 autoreload Watching for file changes with StatReloader
INFO 2026-05-02 23:43:56,287 autoreload C:\Users\neera\OneDrive\Desktop\smart-placement-platform\core\views.py changed, reloading.
INFO 2026-05-02 23:43:57,399 autoreload Watching for file changes with StatReloader
INFO 2026-05-02 23:44:13,363 autoreload C:\Users\neera\OneDrive\Desktop\smart-placement-platform\core\views.py changed, reloading.
INFO 2026-05-02 23:44:15,222 autoreload Watching for file changes with StatReloader
INFO 2026-05-02 23:44:26,046 autoreload C:\Users\neera\OneDrive\Desktop\smart-placement-platform\core\views.py changed, reloading.
INFO 2026-05-02 23:44:27,705 autoreload Watching for file changes with StatReloader
INFO 2026-05-02 23:44:45,043 autoreload C:\Users\neera\OneDrive\Desktop\smart-placement-platform\core\views.py changed, reloading.
INFO 2026-05-02 23:44:46,619 autoreload Watching for file changes with StatReloader
INFO 2026-05-02 23:44:55,935 autoreload C:\Users\neera\OneDrive\Desktop\smart-placement-platform\core\urls.py changed, reloading.
INFO 2026-05-02 23:44:57,932 autoreload Watching for file changes with StatReloader
INFO 2026-05-02 23:45:15,796 autoreload C:\Users\neera\OneDrive\Desktop\smart-placement-platform\core\views.py changed, reloading.
INFO 2026-05-02 23:45:17,639 autoreload Watching for file changes with StatReloader
INFO 2026-05-02 23:45:21,901 autoreload C:\Users\neera\OneDrive\Desktop\smart-placement-platform\core\views.py changed, reloading.
INFO 2026-05-02 23:45:23,730 autoreload Watching for file changes with StatReloader
WARNING 2026-05-02 23:45:31,375 log Forbidden: /api/auth/dashboard/
WARNING 2026-05-02 23:45:31,376 log "GET /api/auth/dashboard/ HTTP/1.1" 403 83
WARNING 2026-05-02 23:45:31,398 log Forbidden: /api/auth/dashboard/
WARNING 2026-05-02 23:45:31,399 log "GET /api/auth/dashboard/ HTTP/1.1" 403 83
INFO 2026-05-02 23:47:15,871 log "GET /api/auth/session/ HTTP/1.1" 200 131
WARNING 2026-05-02 23:47:16,195 log Forbidden: /api/auth/dashboard/
WARNING 2026-05-02 23:47:16,197 log "GET /api/auth/dashboard/ HTTP/1.1" 403 83
WARNING 2026-05-02 23:47:16,210 log Forbidden: /api/auth/dashboard/
WARNING 2026-05-02 23:47:16,211 log "GET /api/auth/dashboard/ HTTP/1.1" 403 83
INFO 2026-05-02 23:52:20,725 autoreload C:\Users\neera\OneDrive\Desktop\smart-placement-platform\core\views.py changed, reloading.
INFO 2026-05-02 23:52:22,800 autoreload Watching for file changes with StatReloader
INFO 2026-05-02 23:52:27,074 autoreload C:\Users\neera\OneDrive\Desktop\smart-placement-platform\core\urls.py changed, reloading.
INFO 2026-05-02 23:52:29,015 autoreload Watching for file changes with StatReloader
INFO 2026-05-02 23:52:33,531 log "GET /api/auth/session/ HTTP/1.1" 200 131
WARNING 2026-05-02 23:52:33,852 log Forbidden: /api/auth/dashboard/
WARNING 2026-05-02 23:52:33,853 log "GET /api/auth/dashboard/ HTTP/1.1" 403 83
WARNING 2026-05-02 23:52:33,863 log Forbidden: /api/auth/dashboard/
WARNING 2026-05-02 23:52:33,864 log "GET /api/auth/dashboard/ HTTP/1.1" 403 83
INFO 2026-05-02 23:53:54,519 log "GET /api/health/ HTTP/1.1" 200 51
INFO 2026-05-02 23:53:54,583 basehttp - Broken pipe from ('127.0.0.1', 58247)
INFO 2026-05-02 23:53:54,891 log "GET /api/landing/ HTTP/1.1" 200 1794
INFO 2026-05-02 23:53:54,947 basehttp - Broken pipe from ('127.0.0.1', 58248)
INFO 2026-05-02 23:54:01,605 log "GET /api/auth/session/ HTTP/1.1" 200 131
WARNING 2026-05-02 23:54:01,928 log Forbidden: /api/auth/dashboard/
WARNING 2026-05-02 23:54:01,929 log "GET /api/auth/dashboard/ HTTP/1.1" 403 83
WARNING 2026-05-02 23:54:01,936 log Forbidden: /api/auth/dashboard/
WARNING 2026-05-02 23:54:01,937 log "GET /api/auth/dashboard/ HTTP/1.1" 403 83
INFO 2026-05-02 23:54:03,203 log "GET /api/auth/session/ HTTP/1.1" 200 131
WARNING 2026-05-02 23:54:03,524 log Forbidden: /api/auth/dashboard/
WARNING 2026-05-02 23:54:03,525 log "GET /api/auth/dashboard/ HTTP/1.1" 403 83
WARNING 2026-05-02 23:54:03,533 log Forbidden: /api/auth/dashboard/
WARNING 2026-05-02 23:54:03,534 log "GET /api/auth/dashboard/ HTTP/1.1" 403 83
INFO 2026-05-02 23:54:14,575 log "GET /api/code/workspace/ HTTP/1.1" 200 632
INFO 2026-05-02 23:54:14,721 basehttp - Broken pipe from ('127.0.0.1', 57819)
INFO 2026-05-02 23:54:15,613 log "GET /api/tests/ HTTP/1.1" 200 3978
ERROR 2026-05-02 23:54:15,950 log Internal Server Error: /api/admin/overview/
Traceback (most recent call last):
  File "C:\Users\neera\OneDrive\Desktop\smart-placement-platform\venv\Lib\site-packages\django\db\backends\utils.py", line 105, in _execute
    return self.cursor.execute(sql, params)
           ~~~~~~~~~~~~~~~~~~~^^^^^^^^^^^^^
  File "C:\Users\neera\OneDrive\Desktop\smart-placement-platform\venv\Lib\site-packages\django\db\backends\mysql\base.py", line 78, in execute
    return self.cursor.execute(query, args)
           ~~~~~~~~~~~~~~~~~~~^^^^^^^^^^^^^
  File "C:\Users\neera\OneDrive\Desktop\smart-placement-platform\venv\Lib\site-packages\MySQLdb\cursors.py", line 179, in execute
    res = self._query(mogrified_query)
  File "C:\Users\neera\OneDrive\Desktop\smart-placement-platform\venv\Lib\site-packages\MySQLdb\cursors.py", line 330, in _query
    db.query(q)
    ~~~~~~~~^^^
  File "C:\Users\neera\OneDrive\Desktop\smart-placement-platform\venv\Lib\site-packages\MySQLdb\connections.py", line 286, in query
    _mysql.connection.query(self, query)
    ~~~~~~~~~~~~~~~~~~~~~~~^^^^^^^^^^^^^
MySQLdb.NotSupportedError: (1235, "This version of MySQL doesn't yet support 'LIMIT & IN/ALL/ANY/SOME subquery'")

The above exception was the direct cause of the following exception:

Traceback (most recent call last):
  File "C:\Users\neera\OneDrive\Desktop\smart-placement-platform\venv\Lib\site-packages\django\core\handlers\exception.py", line 55, in inner
    response = get_response(request)
  File "C:\Users\neera\OneDrive\Desktop\smart-placement-platform\venv\Lib\site-packages\django\core\handlers\base.py", line 198, in _get_response
    response = wrapped_callback(request, *callback_args, **callback_kwargs)
  File "C:\Users\neera\OneDrive\Desktop\smart-placement-platform\venv\Lib\site-packages\django\views\decorators\csrf.py", line 65, in _view_wrapper
    return view_func(request, *args, **kwargs)
  File "C:\Users\neera\OneDrive\Desktop\smart-placement-platform\venv\Lib\site-packages\django\views\generic\base.py", line 106, in view
    return self.dispatch(request, *args, **kwargs)
           ~~~~~~~~~~~~~^^^^^^^^^^^^^^^^^^^^^^^^^^
  File "C:\Users\neera\OneDrive\Desktop\smart-placement-platform\venv\Lib\site-packages\rest_framework\views.py", line 515, in dispatch
    response = self.handle_exception(exc)
  File "C:\Users\neera\OneDrive\Desktop\smart-placement-platform\venv\Lib\site-packages\rest_framework\views.py", line 475, in handle_exception
    self.raise_uncaught_exception(exc)
    ~~~~~~~~~~~~~~~~~~~~~~~~~~~~~^^^^^
  File "C:\Users\neera\OneDrive\Desktop\smart-placement-platform\venv\Lib\site-packages\rest_framework\views.py", line 486, in raise_uncaught_exception
    raise exc
  File "C:\Users\neera\OneDrive\Desktop\smart-placement-platform\venv\Lib\site-packages\rest_framework\views.py", line 512, in dispatch
    response = handler(request, *args, **kwargs)
  File "C:\Users\neera\OneDrive\Desktop\smart-placement-platform\core\views.py", line 1209, in get
    for profile in UserProfile.objects.filter(user__in=users)
                   ~~~~~~~~~~~~~~~~~~~~~~~~~~^^^^^^^^^^^^^^^^
  File "C:\Users\neera\OneDrive\Desktop\smart-placement-platform\venv\Lib\site-packages\django\db\models\query.py", line 390, in __iter__
    self._fetch_all()
    ~~~~~~~~~~~~~~~^^
  File "C:\Users\neera\OneDrive\Desktop\smart-placement-platform\venv\Lib\site-packages\django\db\models\query.py", line 2000, in _fetch_all
    self._result_cache = list(self._iterable_class(self))
                         ~~~~^^^^^^^^^^^^^^^^^^^^^^^^^^^^
  File "C:\Users\neera\OneDrive\Desktop\smart-placement-platform\venv\Lib\site-packages\django\db\models\query.py", line 95, in __iter__
    results = compiler.execute_sql(
        chunked_fetch=self.chunked_fetch, chunk_size=self.chunk_size
    )
  File "C:\Users\neera\OneDrive\Desktop\smart-placement-platform\venv\Lib\site-packages\django\db\models\sql\compiler.py", line 1624, in execute_sql
    cursor.execute(sql, params)
    ~~~~~~~~~~~~~~^^^^^^^^^^^^^
  File "C:\Users\neera\OneDrive\Desktop\smart-placement-platform\venv\Lib\site-packages\django\db\backends\utils.py", line 122, in execute
    return super().execute(sql, params)
           ~~~~~~~~~~~~~~~^^^^^^^^^^^^^
  File "C:\Users\neera\OneDrive\Desktop\smart-placement-platform\venv\Lib\site-packages\django\db\backends\utils.py", line 79, in execute
    return self._execute_with_wrappers(
           ~~~~~~~~~~~~~~~~~~~~~~~~~~~^
        sql, params, many=False, executor=self._execute
        ^^^^^^^^^^^^^^^^^^^^^^^^^^^^^^^^^^^^^^^^^^^^^^^
    )
    ^
  File "C:\Users\neera\OneDrive\Desktop\smart-placement-platform\venv\Lib\site-packages\django\db\backends\utils.py", line 92, in _execute_with_wrappers
    return executor(sql, params, many, context)
  File "C:\Users\neera\OneDrive\Desktop\smart-placement-platform\venv\Lib\site-packages\django\db\backends\utils.py", line 100, in _execute
    with self.db.wrap_database_errors:
         ^^^^^^^^^^^^^^^^^^^^^^^^^^^^
  File "C:\Users\neera\OneDrive\Desktop\smart-placement-platform\venv\Lib\site-packages\django\db\utils.py", line 94, in __exit__
    raise dj_exc_value.with_traceback(traceback) from exc_value
  File "C:\Users\neera\OneDrive\Desktop\smart-placement-platform\venv\Lib\site-packages\django\db\backends\utils.py", line 105, in _execute
    return self.cursor.execute(sql, params)
           ~~~~~~~~~~~~~~~~~~~^^^^^^^^^^^^^
  File "C:\Users\neera\OneDrive\Desktop\smart-placement-platform\venv\Lib\site-packages\django\db\backends\mysql\base.py", line 78, in execute
    return self.cursor.execute(query, args)
           ~~~~~~~~~~~~~~~~~~~^^^^^^^^^^^^^
  File "C:\Users\neera\OneDrive\Desktop\smart-placement-platform\venv\Lib\site-packages\MySQLdb\cursors.py", line 179, in execute
    res = self._query(mogrified_query)
  File "C:\Users\neera\OneDrive\Desktop\smart-placement-platform\venv\Lib\site-packages\MySQLdb\cursors.py", line 330, in _query
    db.query(q)
    ~~~~~~~~^^^
  File "C:\Users\neera\OneDrive\Desktop\smart-placement-platform\venv\Lib\site-packages\MySQLdb\connections.py", line 286, in query
    _mysql.connection.query(self, query)
    ~~~~~~~~~~~~~~~~~~~~~~~^^^^^^^^^^^^^
django.db.utils.NotSupportedError: (1235, "This version of MySQL doesn't yet support 'LIMIT & IN/ALL/ANY/SOME subquery'")
INFO 2026-05-02 23:54:15,968 log "POST /api/code/execute/ HTTP/1.1" 200 87
INFO 2026-05-02 23:54:15,977 basehttp - Broken pipe from ('127.0.0.1', 57821)
ERROR 2026-05-02 23:54:15,988 log "GET /api/admin/overview/ HTTP/1.1" 500 204347
INFO 2026-05-02 23:54:16,028 basehttp - Broken pipe from ('127.0.0.1', 57823)
INFO 2026-05-02 23:54:16,114 basehttp - Broken pipe from ('127.0.0.1', 57825)
ERROR 2026-05-02 23:54:28,826 log Internal Server Error: /api/admin/overview/
Traceback (most recent call last):
  File "C:\Users\neera\OneDrive\Desktop\smart-placement-platform\venv\Lib\site-packages\django\db\backends\utils.py", line 105, in _execute
    return self.cursor.execute(sql, params)
           ~~~~~~~~~~~~~~~~~~~^^^^^^^^^^^^^
  File "C:\Users\neera\OneDrive\Desktop\smart-placement-platform\venv\Lib\site-packages\django\db\backends\mysql\base.py", line 78, in execute
    return self.cursor.execute(query, args)
           ~~~~~~~~~~~~~~~~~~~^^^^^^^^^^^^^
  File "C:\Users\neera\OneDrive\Desktop\smart-placement-platform\venv\Lib\site-packages\MySQLdb\cursors.py", line 179, in execute
    res = self._query(mogrified_query)
  File "C:\Users\neera\OneDrive\Desktop\smart-placement-platform\venv\Lib\site-packages\MySQLdb\cursors.py", line 330, in _query
    db.query(q)
    ~~~~~~~~^^^
  File "C:\Users\neera\OneDrive\Desktop\smart-placement-platform\venv\Lib\site-packages\MySQLdb\connections.py", line 286, in query
    _mysql.connection.query(self, query)
    ~~~~~~~~~~~~~~~~~~~~~~~^^^^^^^^^^^^^
MySQLdb.NotSupportedError: (1235, "This version of MySQL doesn't yet support 'LIMIT & IN/ALL/ANY/SOME subquery'")

The above exception was the direct cause of the following exception:

Traceback (most recent call last):
  File "C:\Users\neera\OneDrive\Desktop\smart-placement-platform\venv\Lib\site-packages\django\core\handlers\exception.py", line 55, in inner
    response = get_response(request)
  File "C:\Users\neera\OneDrive\Desktop\smart-placement-platform\venv\Lib\site-packages\django\core\handlers\base.py", line 198, in _get_response
    response = wrapped_callback(request, *callback_args, **callback_kwargs)
  File "C:\Users\neera\OneDrive\Desktop\smart-placement-platform\venv\Lib\site-packages\django\views\decorators\csrf.py", line 65, in _view_wrapper
    return view_func(request, *args, **kwargs)
  File "C:\Users\neera\OneDrive\Desktop\smart-placement-platform\venv\Lib\site-packages\django\views\generic\base.py", line 106, in view
    return self.dispatch(request, *args, **kwargs)
           ~~~~~~~~~~~~~^^^^^^^^^^^^^^^^^^^^^^^^^^
  File "C:\Users\neera\OneDrive\Desktop\smart-placement-platform\venv\Lib\site-packages\rest_framework\views.py", line 515, in dispatch
    response = self.handle_exception(exc)
  File "C:\Users\neera\OneDrive\Desktop\smart-placement-platform\venv\Lib\site-packages\rest_framework\views.py", line 475, in handle_exception
    self.raise_uncaught_exception(exc)
    ~~~~~~~~~~~~~~~~~~~~~~~~~~~~~^^^^^
  File "C:\Users\neera\OneDrive\Desktop\smart-placement-platform\venv\Lib\site-packages\rest_framework\views.py", line 486, in raise_uncaught_exception
    raise exc
  File "C:\Users\neera\OneDrive\Desktop\smart-placement-platform\venv\Lib\site-packages\rest_framework\views.py", line 512, in dispatch
    response = handler(request, *args, **kwargs)
  File "C:\Users\neera\OneDrive\Desktop\smart-placement-platform\core\views.py", line 1209, in get
    for profile in UserProfile.objects.filter(user__in=users)
                   ~~~~~~~~~~~~~~~~~~~~~~~~~~^^^^^^^^^^^^^^^^
  File "C:\Users\neera\OneDrive\Desktop\smart-placement-platform\venv\Lib\site-packages\django\db\models\query.py", line 390, in __iter__
    self._fetch_all()
    ~~~~~~~~~~~~~~~^^
  File "C:\Users\neera\OneDrive\Desktop\smart-placement-platform\venv\Lib\site-packages\django\db\models\query.py", line 2000, in _fetch_all
    self._result_cache = list(self._iterable_class(self))
                         ~~~~^^^^^^^^^^^^^^^^^^^^^^^^^^^^
  File "C:\Users\neera\OneDrive\Desktop\smart-placement-platform\venv\Lib\site-packages\django\db\models\query.py", line 95, in __iter__
    results = compiler.execute_sql(
        chunked_fetch=self.chunked_fetch, chunk_size=self.chunk_size
    )
  File "C:\Users\neera\OneDrive\Desktop\smart-placement-platform\venv\Lib\site-packages\django\db\models\sql\compiler.py", line 1624, in execute_sql
    cursor.execute(sql, params)
    ~~~~~~~~~~~~~~^^^^^^^^^^^^^
  File "C:\Users\neera\OneDrive\Desktop\smart-placement-platform\venv\Lib\site-packages\django\db\backends\utils.py", line 122, in execute
    return super().execute(sql, params)
           ~~~~~~~~~~~~~~~^^^^^^^^^^^^^
  File "C:\Users\neera\OneDrive\Desktop\smart-placement-platform\venv\Lib\site-packages\django\db\backends\utils.py", line 79, in execute
    return self._execute_with_wrappers(
           ~~~~~~~~~~~~~~~~~~~~~~~~~~~^
        sql, params, many=False, executor=self._execute
        ^^^^^^^^^^^^^^^^^^^^^^^^^^^^^^^^^^^^^^^^^^^^^^^
    )
    ^
  File "C:\Users\neera\OneDrive\Desktop\smart-placement-platform\venv\Lib\site-packages\django\db\backends\utils.py", line 92, in _execute_with_wrappers
    return executor(sql, params, many, context)
  File "C:\Users\neera\OneDrive\Desktop\smart-placement-platform\venv\Lib\site-packages\django\db\backends\utils.py", line 100, in _execute
    with self.db.wrap_database_errors:
         ^^^^^^^^^^^^^^^^^^^^^^^^^^^^
  File "C:\Users\neera\OneDrive\Desktop\smart-placement-platform\venv\Lib\site-packages\django\db\utils.py", line 94, in __exit__
    raise dj_exc_value.with_traceback(traceback) from exc_value
  File "C:\Users\neera\OneDrive\Desktop\smart-placement-platform\venv\Lib\site-packages\django\db\backends\utils.py", line 105, in _execute
    return self.cursor.execute(sql, params)
           ~~~~~~~~~~~~~~~~~~~^^^^^^^^^^^^^
  File "C:\Users\neera\OneDrive\Desktop\smart-placement-platform\venv\Lib\site-packages\django\db\backends\mysql\base.py", line 78, in execute
    return self.cursor.execute(query, args)
           ~~~~~~~~~~~~~~~~~~~^^^^^^^^^^^^^
  File "C:\Users\neera\OneDrive\Desktop\smart-placement-platform\venv\Lib\site-packages\MySQLdb\cursors.py", line 179, in execute
    res = self._query(mogrified_query)
  File "C:\Users\neera\OneDrive\Desktop\smart-placement-platform\venv\Lib\site-packages\MySQLdb\cursors.py", line 330, in _query
    db.query(q)
    ~~~~~~~~^^^
  File "C:\Users\neera\OneDrive\Desktop\smart-placement-platform\venv\Lib\site-packages\MySQLdb\connections.py", line 286, in query
    _mysql.connection.query(self, query)
    ~~~~~~~~~~~~~~~~~~~~~~~^^^^^^^^^^^^^
django.db.utils.NotSupportedError: (1235, "This version of MySQL doesn't yet support 'LIMIT & IN/ALL/ANY/SOME subquery'")
ERROR 2026-05-02 23:54:28,836 log "GET /api/admin/overview/ HTTP/1.1" 500 204347
INFO 2026-05-02 23:54:28,851 basehttp - Broken pipe from ('127.0.0.1', 56698)
INFO 2026-05-02 23:54:36,185 autoreload C:\Users\neera\OneDrive\Desktop\smart-placement-platform\core\views.py changed, reloading.
INFO 2026-05-02 23:54:38,303 autoreload Watching for file changes with StatReloader
INFO 2026-05-02 23:54:45,195 autoreload C:\Users\neera\OneDrive\Desktop\smart-placement-platform\config\settings.py changed, reloading.
INFO 2026-05-02 23:54:47,247 autoreload Watching for file changes with StatReloader
INFO 2026-05-02 23:54:58,012 log "GET /api/interview/config/ HTTP/1.1" 200 326
INFO 2026-05-02 23:54:58,087 basehttp - Broken pipe from ('127.0.0.1', 56723)
INFO 2026-05-02 23:54:58,450 log "GET /api/admin/overview/ HTTP/1.1" 200 40642
INFO 2026-05-02 23:54:58,617 basehttp - Broken pipe from ('127.0.0.1', 56721)
WARNING 2026-05-02 23:54:59,868 log Unauthorized: /api/auth/session/
WARNING 2026-05-02 23:54:59,870 log "GET /api/auth/session/ HTTP/1.1" 401 172
INFO 2026-05-02 23:54:59,878 log "OPTIONS /api/auth/token/refresh/ HTTP/1.1" 200 0
WARNING 2026-05-02 23:54:59,887 log Unauthorized: /api/auth/token/refresh/
WARNING 2026-05-02 23:54:59,888 log "POST /api/auth/token/refresh/ HTTP/1.1" 401 44
INFO 2026-05-02 23:55:06,842 log "OPTIONS /api/landing/ HTTP/1.1" 200 0
INFO 2026-05-02 23:55:06,844 log "OPTIONS /api/landing/ HTTP/1.1" 200 0
INFO 2026-05-02 23:55:07,162 log "GET /api/landing/ HTTP/1.1" 200 1794
INFO 2026-05-02 23:55:07,489 log "GET /api/landing/ HTTP/1.1" 200 1794
INFO 2026-05-02 23:55:36,704 log "GET /api/landing/ HTTP/1.1" 200 1794
INFO 2026-05-02 23:55:36,839 basehttp - Broken pipe from ('127.0.0.1', 51062)
INFO 2026-05-02 23:55:39,386 log "GET /api/admin/overview/ HTTP/1.1" 200 40642
INFO 2026-05-02 23:55:39,544 basehttp - Broken pipe from ('127.0.0.1', 51069)
INFO 2026-05-02 23:55:39,594 log "GET /api/tests/ HTTP/1.1" 200 3978
INFO 2026-05-02 23:55:39,688 basehttp - Broken pipe from ('127.0.0.1', 51070)
INFO 2026-05-02 23:55:39,985 log "POST /api/code/execute/ HTTP/1.1" 200 87
INFO 2026-05-02 23:55:40,047 basehttp - Broken pipe from ('127.0.0.1', 51073)
INFO 2026-05-02 23:56:03,763 autoreload C:\Users\neera\OneDrive\Desktop\smart-placement-platform\core\views.py changed, reloading.
INFO 2026-05-02 23:56:06,194 autoreload Watching for file changes with StatReloader
INFO 2026-05-02 23:57:20,791 log "OPTIONS /api/landing/ HTTP/1.1" 200 0
INFO 2026-05-02 23:57:20,791 log "OPTIONS /api/landing/ HTTP/1.1" 200 0
INFO 2026-05-02 23:57:21,133 log "GET /api/landing/ HTTP/1.1" 200 1831
INFO 2026-05-02 23:57:21,507 log "GET /api/landing/ HTTP/1.1" 200 1831
INFO 2026-05-02 23:57:51,850 log "POST /api/auth/login/ HTTP/1.1" 200 657
WARNING 2026-05-02 23:57:51,915 log Forbidden: /api/auth/dashboard/
WARNING 2026-05-02 23:57:51,915 log "GET /api/auth/dashboard/ HTTP/1.1" 403 83
WARNING 2026-05-02 23:57:51,924 log Forbidden: /api/auth/dashboard/
WARNING 2026-05-02 23:57:51,925 log "GET /api/auth/dashboard/ HTTP/1.1" 403 83
INFO 2026-05-02 23:57:56,395 log "GET /api/auth/session/ HTTP/1.1" 200 131
WARNING 2026-05-02 23:57:56,719 log Forbidden: /api/auth/dashboard/
WARNING 2026-05-02 23:57:56,720 log "GET /api/auth/dashboard/ HTTP/1.1" 403 83
WARNING 2026-05-02 23:57:56,727 log Forbidden: /api/auth/dashboard/
WARNING 2026-05-02 23:57:56,728 log "GET /api/auth/dashboard/ HTTP/1.1" 403 83
WARNING 2026-05-02 23:58:00,340 log Forbidden: /api/auth/dashboard/
WARNING 2026-05-02 23:58:00,341 log "GET /api/auth/dashboard/ HTTP/1.1" 403 83
WARNING 2026-05-02 23:58:00,348 log Forbidden: /api/auth/dashboard/
WARNING 2026-05-02 23:58:00,349 log "GET /api/auth/dashboard/ HTTP/1.1" 403 83
WARNING 2026-05-02 23:58:02,036 log Forbidden: /api/auth/dashboard/
WARNING 2026-05-02 23:58:02,036 log "GET /api/auth/dashboard/ HTTP/1.1" 403 83
WARNING 2026-05-02 23:58:02,044 log Forbidden: /api/auth/dashboard/
WARNING 2026-05-02 23:58:02,045 log "GET /api/auth/dashboard/ HTTP/1.1" 403 83
INFO 2026-05-02 23:58:03,673 log "GET /api/landing/ HTTP/1.1" 200 1831
INFO 2026-05-02 23:58:12,013 log "GET /api/landing/ HTTP/1.1" 200 1831
INFO 2026-05-02 23:58:12,313 log "GET /api/landing/ HTTP/1.1" 200 1831
INFO 2026-05-02 23:58:54,616 log "OPTIONS /api/auth/login/ HTTP/1.1" 200 0
WARNING 2026-05-02 23:58:55,554 log Unauthorized: /api/auth/login/
WARNING 2026-05-02 23:58:55,556 log "POST /api/auth/login/ HTTP/1.1" 401 31
INFO 2026-05-02 23:59:42,124 log "POST /api/auth/login/ HTTP/1.1" 200 659
INFO 2026-05-02 23:59:42,179 log "OPTIONS /api/auth/dashboard/ HTTP/1.1" 200 0
INFO 2026-05-02 23:59:42,179 log "OPTIONS /api/auth/dashboard/ HTTP/1.1" 200 0
INFO 2026-05-02 23:59:42,810 log "GET /api/auth/dashboard/ HTTP/1.1" 200 14633
INFO 2026-05-02 23:59:43,444 log "GET /api/auth/dashboard/ HTTP/1.1" 200 14633
INFO 2026-05-02 23:59:59,098 log "GET /api/auth/session/ HTTP/1.1" 200 131
WARNING 2026-05-02 23:59:59,434 log Forbidden: /api/auth/dashboard/
WARNING 2026-05-02 23:59:59,436 log "GET /api/auth/dashboard/ HTTP/1.1" 403 83
WARNING 2026-05-02 23:59:59,443 log Forbidden: /api/auth/dashboard/
WARNING 2026-05-02 23:59:59,444 log "GET /api/auth/dashboard/ HTTP/1.1" 403 83
INFO 2026-05-03 00:04:42,931 log "OPTIONS /api/landing/ HTTP/1.1" 200 0
INFO 2026-05-03 00:04:42,936 log "OPTIONS /api/landing/ HTTP/1.1" 200 0
INFO 2026-05-03 00:04:43,219 log "GET /api/landing/ HTTP/1.1" 200 1831
INFO 2026-05-03 00:04:43,526 log "GET /api/landing/ HTTP/1.1" 200 1831
INFO 2026-05-03 00:05:16,319 log "OPTIONS /api/auth/login/ HTTP/1.1" 200 0
INFO 2026-05-03 00:05:17,268 log "POST /api/auth/login/ HTTP/1.1" 200 657
INFO 2026-05-03 00:05:17,382 log "OPTIONS /api/auth/dashboard/ HTTP/1.1" 200 0
INFO 2026-05-03 00:05:17,382 log "OPTIONS /api/auth/dashboard/ HTTP/1.1" 200 0
WARNING 2026-05-03 00:05:17,392 log Forbidden: /api/auth/dashboard/
WARNING 2026-05-03 00:05:17,393 log "GET /api/auth/dashboard/ HTTP/1.1" 403 83
WARNING 2026-05-03 00:05:17,402 log Forbidden: /api/auth/dashboard/
WARNING 2026-05-03 00:05:17,403 log "GET /api/auth/dashboard/ HTTP/1.1" 403 83
INFO 2026-05-03 00:05:29,335 log "OPTIONS /api/auth/session/ HTTP/1.1" 200 0
INFO 2026-05-03 00:05:29,342 log "GET /api/auth/session/ HTTP/1.1" 200 131
WARNING 2026-05-03 00:05:32,371 log Forbidden: /api/auth/dashboard/
WARNING 2026-05-03 00:05:32,373 log "GET /api/auth/dashboard/ HTTP/1.1" 403 83
WARNING 2026-05-03 00:05:32,380 log Forbidden: /api/auth/dashboard/
WARNING 2026-05-03 00:05:32,382 log "GET /api/auth/dashboard/ HTTP/1.1" 403 83
INFO 2026-05-03 00:06:00,188 log "OPTIONS /api/auth/session/ HTTP/1.1" 200 0
INFO 2026-05-03 00:06:00,200 log "GET /api/auth/session/ HTTP/1.1" 200 133
INFO 2026-05-03 00:06:01,232 log "GET /api/auth/dashboard/ HTTP/1.1" 200 14633
INFO 2026-05-03 00:06:01,845 log "GET /api/auth/dashboard/ HTTP/1.1" 200 14633
INFO 2026-05-03 00:06:22,519 autoreload Watching for file changes with StatReloader
INFO 2026-05-03 00:06:31,644 log "GET /api/auth/session/ HTTP/1.1" 200 133
INFO 2026-05-03 00:06:32,650 log "GET /api/auth/dashboard/ HTTP/1.1" 200 14633
INFO 2026-05-03 00:06:32,989 log "GET /api/auth/dashboard/ HTTP/1.1" 200 14633
INFO 2026-05-03 00:06:36,682 log "GET /api/auth/session/ HTTP/1.1" 200 131
WARNING 2026-05-03 00:06:36,997 log Forbidden: /api/auth/dashboard/
WARNING 2026-05-03 00:06:36,999 log "GET /api/auth/dashboard/ HTTP/1.1" 403 83
WARNING 2026-05-03 00:06:37,010 log Forbidden: /api/auth/dashboard/
WARNING 2026-05-03 00:06:37,012 log "GET /api/auth/dashboard/ HTTP/1.1" 403 83
INFO 2026-05-03 00:06:49,766 log "OPTIONS /api/learning-path/ HTTP/1.1" 200 0
INFO 2026-05-03 00:06:49,766 log "OPTIONS /api/learning-path/ HTTP/1.1" 200 0
INFO 2026-05-03 00:06:50,219 log "GET /api/learning-path/ HTTP/1.1" 200 29755
INFO 2026-05-03 00:06:50,768 log "GET /api/learning-path/ HTTP/1.1" 200 29755
INFO 2026-05-03 00:06:51,204 log "OPTIONS /api/practice/ HTTP/1.1" 200 0
INFO 2026-05-03 00:06:51,204 log "OPTIONS /api/practice/ HTTP/1.1" 200 0
INFO 2026-05-03 00:06:51,712 log "GET /api/practice/ HTTP/1.1" 200 19172
INFO 2026-05-03 00:06:52,163 log "GET /api/practice/ HTTP/1.1" 200 19172
INFO 2026-05-03 00:06:59,814 log "OPTIONS /api/tests/ HTTP/1.1" 200 0
INFO 2026-05-03 00:06:59,814 log "OPTIONS /api/tests/ HTTP/1.1" 200 0
INFO 2026-05-03 00:07:00,358 log "GET /api/tests/ HTTP/1.1" 200 3978
INFO 2026-05-03 00:07:00,845 log "GET /api/tests/ HTTP/1.1" 200 3978
INFO 2026-05-03 00:07:07,015 log "OPTIONS /api/code/workspace/ HTTP/1.1" 200 0
INFO 2026-05-03 00:07:07,015 log "OPTIONS /api/code/workspace/ HTTP/1.1" 200 0
INFO 2026-05-03 00:07:07,028 log "GET /api/code/workspace/ HTTP/1.1" 200 989
INFO 2026-05-03 00:07:07,043 log "GET /api/code/workspace/ HTTP/1.1" 200 989
WARNING 2026-05-03 00:07:55,780 log Not Found: /
WARNING 2026-05-03 00:07:55,781 log "GET / HTTP/1.1" 404 2456
WARNING 2026-05-03 00:07:55,796 log Not Found: /
WARNING 2026-05-03 00:07:55,797 log "GET / HTTP/1.1" 404 2456
INFO 2026-05-03 00:08:04,830 log "GET /api/auth/session/ HTTP/1.1" 200 131
WARNING 2026-05-03 00:08:05,165 log Forbidden: /api/auth/dashboard/
WARNING 2026-05-03 00:08:05,167 log "GET /api/auth/dashboard/ HTTP/1.1" 403 83
WARNING 2026-05-03 00:08:05,176 log Forbidden: /api/auth/dashboard/
WARNING 2026-05-03 00:08:05,177 log "GET /api/auth/dashboard/ HTTP/1.1" 403 83
INFO 2026-05-03 00:08:06,151 log "GET /api/auth/session/ HTTP/1.1" 200 131
WARNING 2026-05-03 00:08:06,481 log Forbidden: /api/auth/dashboard/
WARNING 2026-05-03 00:08:06,482 log "GET /api/auth/dashboard/ HTTP/1.1" 403 83
WARNING 2026-05-03 00:08:06,489 log Forbidden: /api/auth/dashboard/
WARNING 2026-05-03 00:08:06,489 log "GET /api/auth/dashboard/ HTTP/1.1" 403 83
INFO 2026-05-03 00:08:07,383 log "GET /api/auth/session/ HTTP/1.1" 200 131
WARNING 2026-05-03 00:08:07,700 log Forbidden: /api/auth/dashboard/
WARNING 2026-05-03 00:08:07,701 log "GET /api/auth/dashboard/ HTTP/1.1" 403 83
WARNING 2026-05-03 00:08:07,709 log Forbidden: /api/auth/dashboard/
WARNING 2026-05-03 00:08:07,710 log "GET /api/auth/dashboard/ HTTP/1.1" 403 83
INFO 2026-05-03 00:08:08,570 log "GET /api/auth/session/ HTTP/1.1" 200 131
WARNING 2026-05-03 00:08:08,889 log Forbidden: /api/auth/dashboard/
WARNING 2026-05-03 00:08:08,890 log "GET /api/auth/dashboard/ HTTP/1.1" 403 83
WARNING 2026-05-03 00:08:08,896 log Forbidden: /api/auth/dashboard/
WARNING 2026-05-03 00:08:08,897 log "GET /api/auth/dashboard/ HTTP/1.1" 403 83
INFO 2026-05-03 00:08:51,645 log "GET /api/auth/session/ HTTP/1.1" 200 131
WARNING 2026-05-03 00:08:51,969 log Forbidden: /api/auth/dashboard/
WARNING 2026-05-03 00:08:51,970 log "GET /api/auth/dashboard/ HTTP/1.1" 403 83
WARNING 2026-05-03 00:08:51,986 log Forbidden: /api/auth/dashboard/
WARNING 2026-05-03 00:08:51,987 log "GET /api/auth/dashboard/ HTTP/1.1" 403 83
INFO 2026-05-03 00:09:28,756 log "GET /api/auth/session/ HTTP/1.1" 200 133
INFO 2026-05-03 00:09:29,809 log "GET /api/auth/dashboard/ HTTP/1.1" 200 14633
INFO 2026-05-03 00:09:30,396 log "GET /api/auth/dashboard/ HTTP/1.1" 200 14633
WARNING 2026-05-03 00:09:32,593 log Not Found: /
WARNING 2026-05-03 00:09:32,594 log "GET / HTTP/1.1" 404 2456
WARNING 2026-05-03 00:09:32,607 log Not Found: /
WARNING 2026-05-03 00:09:32,608 log "GET / HTTP/1.1" 404 2456
INFO 2026-05-03 00:09:38,168 log "OPTIONS /api/landing/ HTTP/1.1" 200 0
INFO 2026-05-03 00:09:38,171 log "OPTIONS /api/landing/ HTTP/1.1" 200 0
INFO 2026-05-03 00:09:38,533 log "GET /api/landing/ HTTP/1.1" 200 1831
INFO 2026-05-03 00:09:38,811 log "GET /api/landing/ HTTP/1.1" 200 1831
INFO 2026-05-03 00:10:09,701 log "OPTIONS /api/auth/login/ HTTP/1.1" 200 0
INFO 2026-05-03 00:10:11,050 log "POST /api/auth/login/ HTTP/1.1" 200 659
INFO 2026-05-03 00:10:11,174 log "OPTIONS /api/auth/dashboard/ HTTP/1.1" 200 0
INFO 2026-05-03 00:10:11,174 log "OPTIONS /api/auth/dashboard/ HTTP/1.1" 200 0
INFO 2026-05-03 00:10:11,788 log "GET /api/auth/dashboard/ HTTP/1.1" 200 14633
INFO 2026-05-03 00:10:12,381 log "GET /api/auth/dashboard/ HTTP/1.1" 200 14633
INFO 2026-05-03 00:10:18,564 log "OPTIONS /api/learning-path/ HTTP/1.1" 200 0
INFO 2026-05-03 00:10:18,564 log "OPTIONS /api/learning-path/ HTTP/1.1" 200 0
INFO 2026-05-03 00:10:19,123 log "GET /api/learning-path/ HTTP/1.1" 200 29755
INFO 2026-05-03 00:10:19,621 log "GET /api/learning-path/ HTTP/1.1" 200 29755
INFO 2026-05-03 00:10:27,161 log "OPTIONS /api/practice/ HTTP/1.1" 200 0
INFO 2026-05-03 00:10:27,161 log "OPTIONS /api/practice/ HTTP/1.1" 200 0
INFO 2026-05-03 00:10:27,733 log "GET /api/practice/ HTTP/1.1" 200 19172
INFO 2026-05-03 00:10:28,183 log "GET /api/practice/ HTTP/1.1" 200 19172
INFO 2026-05-03 00:10:29,035 log "OPTIONS /api/topics/5/questions/ HTTP/1.1" 200 0
INFO 2026-05-03 00:10:29,328 log "GET /api/topics/5/questions/ HTTP/1.1" 200 434
INFO 2026-05-03 00:10:31,036 log "OPTIONS /api/tests/ HTTP/1.1" 200 0
INFO 2026-05-03 00:10:31,036 log "OPTIONS /api/tests/ HTTP/1.1" 200 0
INFO 2026-05-03 00:10:31,623 log "GET /api/tests/ HTTP/1.1" 200 3978
INFO 2026-05-03 00:10:32,120 log "GET /api/tests/ HTTP/1.1" 200 3978
INFO 2026-05-03 00:10:36,011 log "OPTIONS /api/code/workspace/ HTTP/1.1" 200 0
INFO 2026-05-03 00:10:36,011 log "OPTIONS /api/code/workspace/ HTTP/1.1" 200 0
INFO 2026-05-03 00:10:36,022 log "GET /api/code/workspace/ HTTP/1.1" 200 989
INFO 2026-05-03 00:10:36,031 log "GET /api/code/workspace/ HTTP/1.1" 200 989
INFO 2026-05-03 00:10:52,464 log "OPTIONS /api/code/execute/ HTTP/1.1" 200 0
INFO 2026-05-03 00:10:53,072 log "POST /api/code/execute/ HTTP/1.1" 200 97
INFO 2026-05-03 00:10:53,089 log "GET /api/code/workspace/ HTTP/1.1" 200 1188
INFO 2026-05-03 00:11:06,455 log "POST /api/code/execute/ HTTP/1.1" 200 86
INFO 2026-05-03 00:11:06,471 log "GET /api/code/workspace/ HTTP/1.1" 200 1366
INFO 2026-05-03 00:11:13,797 log "OPTIONS /api/interview/config/ HTTP/1.1" 200 0
INFO 2026-05-03 00:11:13,798 log "OPTIONS /api/interview/config/ HTTP/1.1" 200 0
INFO 2026-05-03 00:11:13,805 log "GET /api/interview/config/ HTTP/1.1" 200 326
INFO 2026-05-03 00:11:13,812 log "GET /api/interview/config/ HTTP/1.1" 200 326
INFO 2026-05-03 00:11:16,621 log "OPTIONS /api/interview/start/ HTTP/1.1" 200 0
INFO 2026-05-03 00:11:17,077 log "POST /api/interview/start/ HTTP/1.1" 200 212
INFO 2026-05-03 00:11:18,790 log "OPTIONS /api/analytics/full/ HTTP/1.1" 200 0
INFO 2026-05-03 00:11:18,790 log "OPTIONS /api/analytics/full/ HTTP/1.1" 200 0
INFO 2026-05-03 00:11:19,382 log "GET /api/analytics/full/ HTTP/1.1" 200 8389
INFO 2026-05-03 00:11:19,953 log "GET /api/analytics/full/ HTTP/1.1" 200 8389
INFO 2026-05-03 00:11:25,501 log "OPTIONS /api/companies/ HTTP/1.1" 200 0
INFO 2026-05-03 00:11:25,502 log "OPTIONS /api/companies/ HTTP/1.1" 200 0
INFO 2026-05-03 00:11:25,924 log "GET /api/companies/ HTTP/1.1" 200 6601
INFO 2026-05-03 00:11:26,399 log "GET /api/companies/ HTTP/1.1" 200 6601
INFO 2026-05-03 00:11:44,060 log "OPTIONS /api/auth/logout/ HTTP/1.1" 200 0
INFO 2026-05-03 00:11:44,075 log "POST /api/auth/logout/ HTTP/1.1" 200 37
INFO 2026-05-03 00:12:04,838 log "POST /api/auth/login/ HTTP/1.1" 200 657
WARNING 2026-05-03 00:12:04,886 log Forbidden: /api/auth/dashboard/
WARNING 2026-05-03 00:12:04,887 log "GET /api/auth/dashboard/ HTTP/1.1" 403 83
WARNING 2026-05-03 00:12:04,895 log Forbidden: /api/auth/dashboard/
WARNING 2026-05-03 00:12:04,896 log "GET /api/auth/dashboard/ HTTP/1.1" 403 83
INFO 2026-05-03 00:12:32,082 log "GET /api/auth/session/ HTTP/1.1" 200 133
INFO 2026-05-03 00:12:33,028 log "GET /api/auth/dashboard/ HTTP/1.1" 200 14633
INFO 2026-05-03 00:12:33,608 log "GET /api/auth/dashboard/ HTTP/1.1" 200 14633
INFO 2026-05-03 00:12:35,572 log "OPTIONS /api/auth/logout/ HTTP/1.1" 200 0
INFO 2026-05-03 00:12:35,580 log "POST /api/auth/logout/ HTTP/1.1" 200 37
INFO 2026-05-03 00:12:53,311 log "POST /api/auth/login/ HTTP/1.1" 200 657
WARNING 2026-05-03 00:12:53,338 log Forbidden: /api/auth/dashboard/
WARNING 2026-05-03 00:12:53,339 log "GET /api/auth/dashboard/ HTTP/1.1" 403 83
WARNING 2026-05-03 00:12:53,348 log Forbidden: /api/auth/dashboard/
WARNING 2026-05-03 00:12:53,349 log "GET /api/auth/dashboard/ HTTP/1.1" 403 83
WARNING 2026-05-03 01:21:28,650 log Unauthorized: /api/auth/session/
WARNING 2026-05-03 01:21:28,653 log "GET /api/auth/session/ HTTP/1.1" 401 172
INFO 2026-05-03 01:21:28,657 log "OPTIONS /api/auth/token/refresh/ HTTP/1.1" 200 0
INFO 2026-05-03 01:21:28,662 log "POST /api/auth/token/refresh/ HTTP/1.1" 200 244
INFO 2026-05-03 01:21:28,675 log "GET /api/auth/session/ HTTP/1.1" 200 131
WARNING 2026-05-03 01:21:29,000 log Forbidden: /api/auth/dashboard/
WARNING 2026-05-03 01:21:29,002 log "GET /api/auth/dashboard/ HTTP/1.1" 403 83
WARNING 2026-05-03 01:21:29,016 log Forbidden: /api/auth/dashboard/
WARNING 2026-05-03 01:21:29,018 log "GET /api/auth/dashboard/ HTTP/1.1" 403 83
INFO 2026-05-03 01:21:32,570 log "GET /api/auth/session/ HTTP/1.1" 200 131
WARNING 2026-05-03 01:21:32,893 log Forbidden: /api/auth/dashboard/
WARNING 2026-05-03 01:21:32,894 log "GET /api/auth/dashboard/ HTTP/1.1" 403 83
WARNING 2026-05-03 01:21:32,904 log Forbidden: /api/auth/dashboard/
WARNING 2026-05-03 01:21:32,905 log "GET /api/auth/dashboard/ HTTP/1.1" 403 83
INFO 2026-05-03 01:21:35,398 log "GET /api/auth/session/ HTTP/1.1" 200 131
WARNING 2026-05-03 01:21:35,721 log Forbidden: /api/auth/dashboard/
WARNING 2026-05-03 01:21:35,722 log "GET /api/auth/dashboard/ HTTP/1.1" 403 83
WARNING 2026-05-03 01:21:35,728 log Forbidden: /api/auth/dashboard/
WARNING 2026-05-03 01:21:35,729 log "GET /api/auth/dashboard/ HTTP/1.1" 403 83
WARNING 2026-05-03 01:21:41,914 log Not Found: /
WARNING 2026-05-03 01:21:41,915 log "GET / HTTP/1.1" 404 2456
WARNING 2026-05-03 01:21:41,931 log Not Found: /
WARNING 2026-05-03 01:21:41,933 log "GET / HTTP/1.1" 404 2456
INFO 2026-05-03 01:21:44,817 log "GET /api/auth/session/ HTTP/1.1" 200 131
WARNING 2026-05-03 01:21:45,153 log Forbidden: /api/auth/dashboard/
WARNING 2026-05-03 01:21:45,154 log "GET /api/auth/dashboard/ HTTP/1.1" 403 83
WARNING 2026-05-03 01:21:45,162 log Forbidden: /api/auth/dashboard/
WARNING 2026-05-03 01:21:45,163 log "GET /api/auth/dashboard/ HTTP/1.1" 403 83
INFO 2026-05-03 01:25:38,391 log "GET /api/auth/session/ HTTP/1.1" 200 131
WARNING 2026-05-03 01:25:38,710 log Forbidden: /api/auth/dashboard/
WARNING 2026-05-03 01:25:38,711 log "GET /api/auth/dashboard/ HTTP/1.1" 403 83
WARNING 2026-05-03 01:25:38,721 log Forbidden: /api/auth/dashboard/
WARNING 2026-05-03 01:25:38,722 log "GET /api/auth/dashboard/ HTTP/1.1" 403 83
WARNING 2026-05-03 01:25:41,023 log Not Found: /
WARNING 2026-05-03 01:25:41,024 log "GET / HTTP/1.1" 404 2456
WARNING 2026-05-03 01:25:41,038 log Not Found: /
WARNING 2026-05-03 01:25:41,039 log "GET / HTTP/1.1" 404 2456
INFO 2026-05-03 01:26:37,201 log "OPTIONS /api/auth/session/ HTTP/1.1" 200 0
WARNING 2026-05-03 01:26:37,206 log Unauthorized: /api/auth/session/
WARNING 2026-05-03 01:26:37,207 log "GET /api/auth/session/ HTTP/1.1" 401 172
INFO 2026-05-03 01:26:37,212 log "POST /api/auth/token/refresh/ HTTP/1.1" 200 244
INFO 2026-05-03 01:26:37,223 log "GET /api/auth/session/ HTTP/1.1" 200 131
WARNING 2026-05-03 01:26:37,547 log Forbidden: /api/auth/dashboard/
WARNING 2026-05-03 01:26:37,548 log "GET /api/auth/dashboard/ HTTP/1.1" 403 83
WARNING 2026-05-03 01:26:37,557 log Forbidden: /api/auth/dashboard/
WARNING 2026-05-03 01:26:37,558 log "GET /api/auth/dashboard/ HTTP/1.1" 403 83
INFO 2026-05-03 01:27:01,381 log "OPTIONS /api/landing/ HTTP/1.1" 200 0
INFO 2026-05-03 01:27:01,381 log "OPTIONS /api/landing/ HTTP/1.1" 200 0
INFO 2026-05-03 01:27:01,846 log "GET /api/landing/ HTTP/1.1" 200 1831
INFO 2026-05-03 01:27:02,175 log "GET /api/landing/ HTTP/1.1" 200 1831
INFO 2026-05-03 01:27:36,183 log "OPTIONS /api/auth/login/ HTTP/1.1" 200 0
INFO 2026-05-03 01:27:37,468 log "POST /api/auth/login/ HTTP/1.1" 200 659
INFO 2026-05-03 01:27:37,534 log "OPTIONS /api/auth/dashboard/ HTTP/1.1" 200 0
INFO 2026-05-03 01:27:37,534 log "OPTIONS /api/auth/dashboard/ HTTP/1.1" 200 0
INFO 2026-05-03 01:27:38,132 log "GET /api/auth/dashboard/ HTTP/1.1" 200 14633
INFO 2026-05-03 01:27:38,722 log "GET /api/auth/dashboard/ HTTP/1.1" 200 14633
INFO 2026-05-03 01:28:10,197 log "OPTIONS /api/companies/ HTTP/1.1" 200 0
INFO 2026-05-03 01:28:10,197 log "OPTIONS /api/companies/ HTTP/1.1" 200 0
INFO 2026-05-03 01:28:10,612 log "GET /api/companies/ HTTP/1.1" 200 6601
INFO 2026-05-03 01:28:11,119 log "GET /api/companies/ HTTP/1.1" 200 6601
INFO 2026-05-03 01:28:21,015 log "OPTIONS /api/analytics/full/ HTTP/1.1" 200 0
INFO 2026-05-03 01:28:21,016 log "OPTIONS /api/analytics/full/ HTTP/1.1" 200 0
INFO 2026-05-03 01:28:21,589 log "GET /api/analytics/full/ HTTP/1.1" 200 8389
INFO 2026-05-03 01:28:22,111 log "GET /api/analytics/full/ HTTP/1.1" 200 8389
INFO 2026-05-03 01:28:26,230 log "OPTIONS /api/interview/config/ HTTP/1.1" 200 0
INFO 2026-05-03 01:28:26,230 log "OPTIONS /api/interview/config/ HTTP/1.1" 200 0
INFO 2026-05-03 01:28:26,240 log "GET /api/interview/config/ HTTP/1.1" 200 326
INFO 2026-05-03 01:28:26,249 log "GET /api/interview/config/ HTTP/1.1" 200 326
INFO 2026-05-03 01:28:27,295 log "GET /api/companies/ HTTP/1.1" 200 6601
INFO 2026-05-03 01:28:27,804 log "GET /api/companies/ HTTP/1.1" 200 6601
INFO 2026-05-03 01:28:43,484 log "GET /api/analytics/full/ HTTP/1.1" 200 8389
INFO 2026-05-03 01:28:44,060 log "GET /api/analytics/full/ HTTP/1.1" 200 8389
INFO 2026-05-03 01:28:54,449 log "GET /api/interview/config/ HTTP/1.1" 200 326
INFO 2026-05-03 01:28:54,456 log "GET /api/interview/config/ HTTP/1.1" 200 326
INFO 2026-05-03 01:29:03,112 log "OPTIONS /api/code/workspace/ HTTP/1.1" 200 0
INFO 2026-05-03 01:29:03,112 log "OPTIONS /api/code/workspace/ HTTP/1.1" 200 0
INFO 2026-05-03 01:29:03,124 log "GET /api/code/workspace/ HTTP/1.1" 200 1366
INFO 2026-05-03 01:29:03,134 log "GET /api/code/workspace/ HTTP/1.1" 200 1366
INFO 2026-05-03 01:29:08,791 log "OPTIONS /api/tests/ HTTP/1.1" 200 0
INFO 2026-05-03 01:29:08,792 log "OPTIONS /api/tests/ HTTP/1.1" 200 0
INFO 2026-05-03 01:29:09,372 log "GET /api/tests/ HTTP/1.1" 200 3978
INFO 2026-05-03 01:29:09,949 log "GET /api/tests/ HTTP/1.1" 200 3978
INFO 2026-05-03 01:29:36,164 log "OPTIONS /api/practice/ HTTP/1.1" 200 0
INFO 2026-05-03 01:29:36,165 log "OPTIONS /api/practice/ HTTP/1.1" 200 0
INFO 2026-05-03 01:29:36,690 log "GET /api/practice/ HTTP/1.1" 200 19172
INFO 2026-05-03 01:29:37,212 log "GET /api/practice/ HTTP/1.1" 200 19172
INFO 2026-05-03 01:29:40,339 log "OPTIONS /api/topics/27/questions/ HTTP/1.1" 200 0
INFO 2026-05-03 01:29:40,628 log "GET /api/topics/27/questions/ HTTP/1.1" 200 407
INFO 2026-05-03 01:29:44,238 log "OPTIONS /api/learning-path/ HTTP/1.1" 200 0
INFO 2026-05-03 01:29:44,238 log "OPTIONS /api/learning-path/ HTTP/1.1" 200 0
INFO 2026-05-03 01:29:44,767 log "GET /api/learning-path/ HTTP/1.1" 200 29755
INFO 2026-05-03 01:29:45,290 log "GET /api/learning-path/ HTTP/1.1" 200 29755
INFO 2026-05-03 01:30:05,058 log "GET /api/auth/dashboard/ HTTP/1.1" 200 14633
INFO 2026-05-03 01:30:05,661 log "GET /api/auth/dashboard/ HTTP/1.1" 200 14633
INFO 2026-05-03 01:30:11,141 log "GET /api/companies/ HTTP/1.1" 200 6601
INFO 2026-05-03 01:30:11,576 log "GET /api/companies/ HTTP/1.1" 200 6601
INFO 2026-05-03 01:49:13,333 log "OPTIONS /api/auth/logout/ HTTP/1.1" 200 0
INFO 2026-05-03 01:49:13,346 log "POST /api/auth/logout/ HTTP/1.1" 200 37
INFO 2026-05-03 01:49:18,448 log "GET /api/landing/ HTTP/1.1" 200 1831
INFO 2026-05-03 01:49:18,785 log "GET /api/landing/ HTTP/1.1" 200 1831
INFO 2026-05-03 01:50:01,365 log "POST /api/auth/login/ HTTP/1.1" 200 659
INFO 2026-05-03 01:50:02,336 log "GET /api/auth/dashboard/ HTTP/1.1" 200 14633
INFO 2026-05-03 01:50:03,323 log "GET /api/auth/dashboard/ HTTP/1.1" 200 14633
INFO 2026-05-03 01:50:15,005 log "GET /api/learning-path/ HTTP/1.1" 200 29755
INFO 2026-05-03 01:50:15,755 log "GET /api/learning-path/ HTTP/1.1" 200 29755
INFO 2026-05-03 01:50:30,882 log "GET /api/practice/ HTTP/1.1" 200 19172
INFO 2026-05-03 01:50:31,600 log "GET /api/practice/ HTTP/1.1" 200 19172
INFO 2026-05-03 01:50:39,786 log "OPTIONS /api/topics/10/questions/ HTTP/1.1" 200 0
INFO 2026-05-03 01:50:40,108 log "GET /api/topics/10/questions/ HTTP/1.1" 200 332
INFO 2026-05-03 01:50:44,109 log "GET /api/learning-path/ HTTP/1.1" 200 29755
INFO 2026-05-03 01:50:44,879 log "GET /api/learning-path/ HTTP/1.1" 200 29755
INFO 2026-05-03 01:50:45,125 log "GET /api/practice/ HTTP/1.1" 200 19172
INFO 2026-05-03 01:50:45,941 log "GET /api/practice/ HTTP/1.1" 200 19172
INFO 2026-05-03 01:50:53,383 log "GET /api/tests/ HTTP/1.1" 200 3978
INFO 2026-05-03 01:50:54,107 log "GET /api/tests/ HTTP/1.1" 200 3978
INFO 2026-05-03 01:51:00,765 log "OPTIONS /api/tests/3/start/ HTTP/1.1" 200 0
INFO 2026-05-03 01:51:01,444 log "POST /api/tests/3/start/ HTTP/1.1" 200 181
INFO 2026-05-03 01:51:01,451 log "OPTIONS /api/tests/3/ HTTP/1.1" 200 0
INFO 2026-05-03 01:51:02,060 log "GET /api/tests/3/ HTTP/1.1" 200 3059
INFO 2026-05-03 01:51:24,392 log "GET /api/code/workspace/ HTTP/1.1" 200 1366
INFO 2026-05-03 01:51:24,405 log "GET /api/code/workspace/ HTTP/1.1" 200 1366
INFO 2026-05-03 01:51:42,051 log "OPTIONS /api/code/execute/ HTTP/1.1" 200 0
INFO 2026-05-03 01:51:42,687 log "POST /api/code/execute/ HTTP/1.1" 200 105
INFO 2026-05-03 01:51:42,703 log "GET /api/code/workspace/ HTTP/1.1" 200 1581
INFO 2026-05-03 01:52:11,033 log "GET /api/interview/config/ HTTP/1.1" 200 326
INFO 2026-05-03 01:52:11,042 log "GET /api/interview/config/ HTTP/1.1" 200 326
INFO 2026-05-03 01:52:14,499 log "OPTIONS /api/interview/start/ HTTP/1.1" 200 0
INFO 2026-05-03 01:52:14,998 log "POST /api/interview/start/ HTTP/1.1" 200 212
INFO 2026-05-03 01:52:20,642 log "OPTIONS /api/interview/submit/ HTTP/1.1" 200 0
INFO 2026-05-03 01:52:22,286 log "POST /api/interview/submit/ HTTP/1.1" 200 358
INFO 2026-05-03 01:52:22,295 log "OPTIONS /api/interview/question/ HTTP/1.1" 200 0
INFO 2026-05-03 01:52:22,752 log "POST /api/interview/question/ HTTP/1.1" 200 195
INFO 2026-05-03 01:52:29,987 log "GET /api/analytics/full/ HTTP/1.1" 200 8389
INFO 2026-05-03 01:52:30,694 log "GET /api/analytics/full/ HTTP/1.1" 200 8389
INFO 2026-05-03 01:52:43,198 log "GET /api/companies/ HTTP/1.1" 200 6601
INFO 2026-05-03 01:52:43,777 log "GET /api/companies/ HTTP/1.1" 200 6601
INFO 2026-05-03 01:53:04,343 log "OPTIONS /api/auth/profile/ HTTP/1.1" 200 0
INFO 2026-05-03 01:53:04,343 log "OPTIONS /api/auth/profile/ HTTP/1.1" 200 0
INFO 2026-05-03 01:53:04,910 log "GET /api/auth/profile/ HTTP/1.1" 200 949
INFO 2026-05-03 01:53:05,571 log "GET /api/auth/profile/ HTTP/1.1" 200 949
INFO 2026-05-03 01:53:17,355 log "OPTIONS /api/auth/settings/ HTTP/1.1" 200 0
INFO 2026-05-03 01:53:17,356 log "OPTIONS /api/auth/settings/ HTTP/1.1" 200 0
INFO 2026-05-03 01:53:18,013 log "GET /api/auth/settings/ HTTP/1.1" 200 178
INFO 2026-05-03 01:53:18,674 log "GET /api/auth/settings/ HTTP/1.1" 200 178
INFO 2026-05-03 01:53:22,531 log "GET /api/interview/config/ HTTP/1.1" 200 326
INFO 2026-05-03 01:53:22,540 log "GET /api/interview/config/ HTTP/1.1" 200 326
INFO 2026-05-03 01:53:25,606 log "GET /api/companies/ HTTP/1.1" 200 6601
INFO 2026-05-03 01:53:26,267 log "GET /api/companies/ HTTP/1.1" 200 6601
INFO 2026-05-03 01:53:26,594 log "GET /api/code/workspace/ HTTP/1.1" 200 1581
INFO 2026-05-03 01:53:26,606 log "GET /api/code/workspace/ HTTP/1.1" 200 1581
INFO 2026-05-03 01:53:31,922 log "POST /api/auth/logout/ HTTP/1.1" 200 37
INFO 2026-05-03 02:13:22,559 log "POST /api/auth/login/ HTTP/1.1" 200 659
INFO 2026-05-03 02:13:23,248 log "GET /api/auth/dashboard/ HTTP/1.1" 200 14633
INFO 2026-05-03 02:13:23,958 log "GET /api/auth/dashboard/ HTTP/1.1" 200 14633
INFO 2026-05-03 02:13:35,588 log "OPTIONS /api/auth/session/ HTTP/1.1" 200 0
INFO 2026-05-03 02:13:35,599 log "GET /api/auth/session/ HTTP/1.1" 200 133
INFO 2026-05-03 02:13:45,183 log "GET /api/auth/dashboard/ HTTP/1.1" 200 14633
INFO 2026-05-03 02:13:45,816 log "GET /api/auth/dashboard/ HTTP/1.1" 200 14633
WARNING 2026-05-03 02:46:32,355 log Unauthorized: /api/auth/session/
WARNING 2026-05-03 02:46:32,358 log "GET /api/auth/session/ HTTP/1.1" 401 172
INFO 2026-05-03 02:46:32,369 log "OPTIONS /api/auth/token/refresh/ HTTP/1.1" 200 0
INFO 2026-05-03 02:46:32,376 log "POST /api/auth/token/refresh/ HTTP/1.1" 200 244
INFO 2026-05-03 02:46:32,394 log "GET /api/auth/session/ HTTP/1.1" 200 133
INFO 2026-05-03 02:46:33,611 log "GET /api/auth/dashboard/ HTTP/1.1" 200 14633
INFO 2026-05-03 02:46:34,415 log "GET /api/auth/dashboard/ HTTP/1.1" 200 14633
INFO 2026-05-03 02:46:38,523 log "GET /api/learning-path/ HTTP/1.1" 200 29755
INFO 2026-05-03 02:46:39,273 log "GET /api/learning-path/ HTTP/1.1" 200 29755
INFO 2026-05-03 02:47:02,940 log "GET /api/auth/dashboard/ HTTP/1.1" 200 14633
INFO 2026-05-03 02:47:03,849 log "GET /api/auth/dashboard/ HTTP/1.1" 200 14633
INFO 2026-05-03 02:47:04,255 log "GET /api/practice/ HTTP/1.1" 200 19172
INFO 2026-05-03 02:47:05,852 log "GET /api/auth/dashboard/ HTTP/1.1" 200 14633
INFO 2026-05-03 02:47:06,012 log "GET /api/practice/ HTTP/1.1" 200 19172
INFO 2026-05-03 02:47:06,939 log "GET /api/auth/dashboard/ HTTP/1.1" 200 14633
INFO 2026-05-03 02:47:09,035 log "GET /api/learning-path/ HTTP/1.1" 200 29755
INFO 2026-05-03 02:47:10,056 log "GET /api/auth/dashboard/ HTTP/1.1" 200 14633
INFO 2026-05-03 02:47:10,240 log "GET /api/learning-path/ HTTP/1.1" 200 29755
INFO 2026-05-03 02:47:11,082 log "GET /api/auth/dashboard/ HTTP/1.1" 200 14633
INFO 2026-05-03 03:36:57,001 autoreload Watching for file changes with StatReloader
WARNING 2026-05-03 03:37:34,598 log Unauthorized: /api/auth/session/
WARNING 2026-05-03 03:37:34,600 log "GET /api/auth/session/ HTTP/1.1" 401 172
INFO 2026-05-03 03:37:34,607 log "POST /api/auth/token/refresh/ HTTP/1.1" 200 244
INFO 2026-05-03 03:37:34,624 log "GET /api/auth/session/ HTTP/1.1" 200 133
INFO 2026-05-03 03:37:34,936 log "OPTIONS /api/auth/dashboard/ HTTP/1.1" 200 0
INFO 2026-05-03 03:37:34,939 log "OPTIONS /api/auth/dashboard/ HTTP/1.1" 200 0
INFO 2026-05-03 03:37:35,569 log "GET /api/auth/dashboard/ HTTP/1.1" 200 14633
INFO 2026-05-03 03:37:36,202 log "GET /api/auth/dashboard/ HTTP/1.1" 200 14633
INFO 2026-05-03 03:41:29,951 log "OPTIONS /api/companies/ HTTP/1.1" 200 0
INFO 2026-05-03 03:41:29,952 log "OPTIONS /api/companies/ HTTP/1.1" 200 0
INFO 2026-05-03 03:41:30,378 log "GET /api/companies/ HTTP/1.1" 200 6601
INFO 2026-05-03 03:41:30,885 log "GET /api/companies/ HTTP/1.1" 200 6601
INFO 2026-05-03 03:41:52,731 log "GET /api/auth/dashboard/ HTTP/1.1" 200 14633
INFO 2026-05-03 03:41:53,384 log "GET /api/auth/dashboard/ HTTP/1.1" 200 14633
INFO 2026-05-03 21:51:46,292 autoreload Watching for file changes with StatReloader
INFO 2026-05-03 21:52:21,998 log "OPTIONS /api/landing/ HTTP/1.1" 200 0
INFO 2026-05-03 21:52:21,999 log "OPTIONS /api/landing/ HTTP/1.1" 200 0
INFO 2026-05-03 21:52:22,584 log "GET /api/landing/ HTTP/1.1" 200 1831
INFO 2026-05-03 21:52:23,173 log "GET /api/landing/ HTTP/1.1" 200 1831
INFO 2026-05-03 22:16:17,175 log "OPTIONS /api/auth/login/ HTTP/1.1" 200 0
WARNING 2026-05-03 22:16:18,106 log Unauthorized: /api/auth/login/
WARNING 2026-05-03 22:16:18,107 log "POST /api/auth/login/ HTTP/1.1" 401 31
INFO 2026-05-03 22:16:58,768 log "POST /api/auth/login/ HTTP/1.1" 200 659
INFO 2026-05-03 22:16:58,891 log "OPTIONS /api/auth/dashboard/ HTTP/1.1" 200 0
INFO 2026-05-03 22:16:58,894 log "OPTIONS /api/auth/dashboard/ HTTP/1.1" 200 0
INFO 2026-05-03 22:16:59,512 log "GET /api/auth/dashboard/ HTTP/1.1" 200 14638
INFO 2026-05-03 22:17:00,148 log "GET /api/auth/dashboard/ HTTP/1.1" 200 14638
INFO 2026-05-03 22:17:12,397 log "OPTIONS /api/learning-path/ HTTP/1.1" 200 0
INFO 2026-05-03 22:17:12,397 log "OPTIONS /api/learning-path/ HTTP/1.1" 200 0
INFO 2026-05-03 22:17:12,938 log "GET /api/learning-path/ HTTP/1.1" 200 29755
INFO 2026-05-03 22:17:13,516 log "GET /api/learning-path/ HTTP/1.1" 200 29755
INFO 2026-05-03 22:21:16,225 log "OPTIONS /api/practice/ HTTP/1.1" 200 0
INFO 2026-05-03 22:21:16,225 log "OPTIONS /api/practice/ HTTP/1.1" 200 0
INFO 2026-05-03 22:21:16,729 log "GET /api/practice/ HTTP/1.1" 200 19172
INFO 2026-05-03 22:21:17,268 log "GET /api/practice/ HTTP/1.1" 200 19172
INFO 2026-05-03 22:21:31,135 log "OPTIONS /api/tests/ HTTP/1.1" 200 0
INFO 2026-05-03 22:21:31,135 log "OPTIONS /api/tests/ HTTP/1.1" 200 0
INFO 2026-05-03 22:21:31,667 log "GET /api/tests/ HTTP/1.1" 200 3978
INFO 2026-05-03 22:21:32,212 log "GET /api/tests/ HTTP/1.1" 200 3978
INFO 2026-05-03 22:21:39,668 log "OPTIONS /api/code/workspace/ HTTP/1.1" 200 0
INFO 2026-05-03 22:21:39,668 log "OPTIONS /api/code/workspace/ HTTP/1.1" 200 0
INFO 2026-05-03 22:21:39,685 log "GET /api/code/workspace/ HTTP/1.1" 200 1581
INFO 2026-05-03 22:21:39,699 log "GET /api/code/workspace/ HTTP/1.1" 200 1581
INFO 2026-05-03 22:21:57,342 log "OPTIONS /api/code/execute/ HTTP/1.1" 200 0
INFO 2026-05-03 22:21:57,963 log "POST /api/code/execute/ HTTP/1.1" 200 87
INFO 2026-05-03 22:21:57,985 log "GET /api/code/workspace/ HTTP/1.1" 200 1760
INFO 2026-05-03 22:22:00,963 log "POST /api/code/execute/ HTTP/1.1" 200 86
INFO 2026-05-03 22:22:00,988 log "GET /api/code/workspace/ HTTP/1.1" 200 1938
INFO 2026-05-03 22:22:03,955 log "POST /api/code/execute/ HTTP/1.1" 200 86
INFO 2026-05-03 22:22:03,969 log "GET /api/code/workspace/ HTTP/1.1" 200 2116
INFO 2026-05-03 22:22:05,077 log "POST /api/code/execute/ HTTP/1.1" 200 86
INFO 2026-05-03 22:22:05,090 log "GET /api/code/workspace/ HTTP/1.1" 200 2115
INFO 2026-05-03 22:22:06,062 log "POST /api/code/execute/ HTTP/1.1" 200 87
INFO 2026-05-03 22:22:06,079 log "GET /api/code/workspace/ HTTP/1.1" 200 2115
INFO 2026-05-03 22:22:06,979 log "POST /api/code/execute/ HTTP/1.1" 200 87
INFO 2026-05-03 22:22:06,994 log "GET /api/code/workspace/ HTTP/1.1" 200 2095
INFO 2026-05-03 22:22:07,808 log "POST /api/code/execute/ HTTP/1.1" 200 87
INFO 2026-05-03 22:22:07,825 log "GET /api/code/workspace/ HTTP/1.1" 200 2096
INFO 2026-05-03 22:22:10,124 log "POST /api/code/execute/ HTTP/1.1" 200 87
INFO 2026-05-03 22:22:10,141 log "GET /api/code/workspace/ HTTP/1.1" 200 2060
INFO 2026-05-03 22:22:25,925 log "POST /api/code/execute/ HTTP/1.1" 200 98
INFO 2026-05-03 22:22:25,940 log "GET /api/code/workspace/ HTTP/1.1" 200 2081
INFO 2026-05-03 22:22:28,382 log "POST /api/code/execute/ HTTP/1.1" 200 89
INFO 2026-05-03 22:22:28,402 log "GET /api/code/workspace/ HTTP/1.1" 200 2172
INFO 2026-05-03 22:22:30,431 log "POST /api/code/execute/ HTTP/1.1" 200 95
INFO 2026-05-03 22:22:30,452 log "GET /api/code/workspace/ HTTP/1.1" 200 2217
INFO 2026-05-03 22:22:32,529 log "POST /api/code/execute/ HTTP/1.1" 200 110
INFO 2026-05-03 22:22:32,551 log "GET /api/code/workspace/ HTTP/1.1" 200 2329
INFO 2026-05-03 22:22:41,881 log "POST /api/code/execute/ HTTP/1.1" 200 97
INFO 2026-05-03 22:22:41,895 log "GET /api/code/workspace/ HTTP/1.1" 200 2349
INFO 2026-05-03 22:22:50,192 log "OPTIONS /api/interview/config/ HTTP/1.1" 200 0
INFO 2026-05-03 22:22:50,192 log "OPTIONS /api/interview/config/ HTTP/1.1" 200 0
INFO 2026-05-03 22:22:50,202 log "GET /api/interview/config/ HTTP/1.1" 200 326
INFO 2026-05-03 22:22:50,212 log "GET /api/interview/config/ HTTP/1.1" 200 326
INFO 2026-05-03 22:22:57,643 log "OPTIONS /api/interview/start/ HTTP/1.1" 200 0
INFO 2026-05-03 22:22:58,135 log "POST /api/interview/start/ HTTP/1.1" 200 212
INFO 2026-05-03 22:23:07,959 log "OPTIONS /api/analytics/full/ HTTP/1.1" 200 0
INFO 2026-05-03 22:23:07,960 log "OPTIONS /api/analytics/full/ HTTP/1.1" 200 0
INFO 2026-05-03 22:23:08,608 log "GET /api/analytics/full/ HTTP/1.1" 200 8389
INFO 2026-05-03 22:23:09,220 log "GET /api/analytics/full/ HTTP/1.1" 200 8389
INFO 2026-05-03 22:24:00,646 log "OPTIONS /api/companies/ HTTP/1.1" 200 0
INFO 2026-05-03 22:24:00,646 log "OPTIONS /api/companies/ HTTP/1.1" 200 0
INFO 2026-05-03 22:24:01,106 log "GET /api/companies/ HTTP/1.1" 200 6601
INFO 2026-05-03 22:24:01,541 log "GET /api/companies/ HTTP/1.1" 200 6601
INFO 2026-05-03 22:24:16,225 log "GET /api/auth/dashboard/ HTTP/1.1" 200 14638
INFO 2026-05-03 22:24:16,838 log "GET /api/auth/dashboard/ HTTP/1.1" 200 14638
INFO 2026-05-03 22:24:25,953 log "OPTIONS /api/auth/profile/ HTTP/1.1" 200 0
INFO 2026-05-03 22:24:25,953 log "OPTIONS /api/auth/profile/ HTTP/1.1" 200 0
INFO 2026-05-03 22:24:26,441 log "GET /api/auth/profile/ HTTP/1.1" 200 949
INFO 2026-05-03 22:24:26,840 log "GET /api/auth/profile/ HTTP/1.1" 200 949
INFO 2026-05-03 22:24:39,243 log "OPTIONS /api/auth/settings/ HTTP/1.1" 200 0
INFO 2026-05-03 22:24:39,243 log "OPTIONS /api/auth/settings/ HTTP/1.1" 200 0
INFO 2026-05-03 22:24:39,711 log "GET /api/auth/settings/ HTTP/1.1" 200 178
INFO 2026-05-03 22:24:40,165 log "GET /api/auth/settings/ HTTP/1.1" 200 178
INFO 2026-05-03 22:24:50,154 log "OPTIONS /api/auth/logout/ HTTP/1.1" 200 0
INFO 2026-05-03 22:24:50,165 log "POST /api/auth/logout/ HTTP/1.1" 200 37
INFO 2026-05-04 01:49:15,304 log "OPTIONS /api/auth/login/ HTTP/1.1" 200 0
INFO 2026-05-04 01:49:17,084 log "POST /api/auth/login/ HTTP/1.1" 200 659
INFO 2026-05-04 01:49:17,129 log "OPTIONS /api/auth/dashboard/ HTTP/1.1" 200 0
INFO 2026-05-04 01:49:17,132 log "OPTIONS /api/auth/dashboard/ HTTP/1.1" 200 0
INFO 2026-05-04 01:49:17,832 log "GET /api/auth/dashboard/ HTTP/1.1" 200 14636
INFO 2026-05-04 01:49:18,643 log "GET /api/auth/dashboard/ HTTP/1.1" 200 14636
INFO 2026-05-04 01:49:19,389 log "OPTIONS /api/tests/ HTTP/1.1" 200 0
INFO 2026-05-04 01:49:19,389 log "OPTIONS /api/tests/ HTTP/1.1" 200 0
INFO 2026-05-04 01:49:20,227 log "GET /api/tests/ HTTP/1.1" 200 3978
INFO 2026-05-04 01:49:21,024 log "GET /api/tests/ HTTP/1.1" 200 3978
INFO 2026-05-04 01:49:21,811 log "OPTIONS /api/tests/3/start/ HTTP/1.1" 200 0
INFO 2026-05-04 01:49:22,326 log "POST /api/tests/3/start/ HTTP/1.1" 200 181
INFO 2026-05-04 01:49:22,331 log "OPTIONS /api/tests/3/ HTTP/1.1" 200 0
INFO 2026-05-04 01:49:22,763 log "GET /api/tests/3/ HTTP/1.1" 200 3059
INFO 2026-05-04 01:53:04,050 log "OPTIONS /api/tests/submit/ HTTP/1.1" 200 0
INFO 2026-05-04 01:53:04,578 log "POST /api/tests/submit/ HTTP/1.1" 200 2263
INFO 2026-05-04 01:53:05,144 log "GET /api/tests/ HTTP/1.1" 200 3980
INFO 2026-05-06 02:40:20,022 autoreload Watching for file changes with StatReloader
INFO 2026-05-06 02:40:45,553 log "OPTIONS /api/auth/session/ HTTP/1.1" 200 0
WARNING 2026-05-06 02:40:45,604 log Unauthorized: /api/auth/session/
WARNING 2026-05-06 02:40:45,606 log "GET /api/auth/session/ HTTP/1.1" 401 172
INFO 2026-05-06 02:40:45,620 log "OPTIONS /api/auth/token/refresh/ HTTP/1.1" 200 0
INFO 2026-05-06 02:40:45,633 log "POST /api/auth/token/refresh/ HTTP/1.1" 200 244
INFO 2026-05-06 02:40:45,655 log "GET /api/auth/session/ HTTP/1.1" 200 131
INFO 2026-05-06 02:40:45,984 log "OPTIONS /api/auth/dashboard/ HTTP/1.1" 200 0
INFO 2026-05-06 02:40:45,985 log "OPTIONS /api/auth/dashboard/ HTTP/1.1" 200 0
WARNING 2026-05-06 02:40:45,996 log Forbidden: /api/auth/dashboard/
WARNING 2026-05-06 02:40:45,997 log "GET /api/auth/dashboard/ HTTP/1.1" 403 83
WARNING 2026-05-06 02:40:46,009 log Forbidden: /api/auth/dashboard/
WARNING 2026-05-06 02:40:46,015 log "GET /api/auth/dashboard/ HTTP/1.1" 403 83
INFO 2026-05-06 02:42:18,321 log "OPTIONS /api/landing/ HTTP/1.1" 200 0
INFO 2026-05-06 02:42:18,322 log "OPTIONS /api/landing/ HTTP/1.1" 200 0
INFO 2026-05-06 02:42:18,704 log "GET /api/landing/ HTTP/1.1" 200 1831
INFO 2026-05-06 02:42:19,031 log "GET /api/landing/ HTTP/1.1" 200 1831
INFO 2026-05-06 02:42:27,985 log "OPTIONS /api/auth/login/ HTTP/1.1" 200 0
INFO 2026-05-06 02:42:29,476 log "POST /api/auth/login/ HTTP/1.1" 200 659
INFO 2026-05-06 02:42:29,539 log "OPTIONS /api/auth/dashboard/ HTTP/1.1" 200 0
INFO 2026-05-06 02:42:29,539 log "OPTIONS /api/auth/dashboard/ HTTP/1.1" 200 0
INFO 2026-05-06 02:42:30,406 log "GET /api/auth/dashboard/ HTTP/1.1" 200 14640
INFO 2026-05-06 02:42:31,067 log "GET /api/auth/dashboard/ HTTP/1.1" 200 14640
INFO 2026-05-06 02:42:35,035 log "OPTIONS /api/auth/profile/ HTTP/1.1" 200 0
INFO 2026-05-06 02:42:35,035 log "OPTIONS /api/auth/profile/ HTTP/1.1" 200 0
INFO 2026-05-06 02:42:35,491 log "GET /api/auth/profile/ HTTP/1.1" 200 949
INFO 2026-05-06 02:42:35,940 log "GET /api/auth/profile/ HTTP/1.1" 200 949
INFO 2026-05-06 02:44:01,385 log "PUT /api/auth/profile/ HTTP/1.1" 200 42
INFO 2026-05-06 02:44:05,779 log "PUT /api/auth/profile/ HTTP/1.1" 200 42
INFO 2026-05-06 02:44:09,196 log "OPTIONS /api/auth/settings/ HTTP/1.1" 200 0
INFO 2026-05-06 02:44:09,197 log "OPTIONS /api/auth/settings/ HTTP/1.1" 200 0
INFO 2026-05-06 02:44:09,800 log "GET /api/auth/settings/ HTTP/1.1" 200 178
INFO 2026-05-06 02:44:10,313 log "GET /api/auth/settings/ HTTP/1.1" 200 178
INFO 2026-05-06 02:44:22,943 log "PUT /api/auth/settings/ HTTP/1.1" 200 187
INFO 2026-05-06 02:44:27,232 log "OPTIONS /api/auth/session/ HTTP/1.1" 200 0
INFO 2026-05-06 02:44:27,242 log "GET /api/auth/session/ HTTP/1.1" 200 141
INFO 2026-05-06 02:44:28,116 log "GET /api/auth/settings/ HTTP/1.1" 200 187
INFO 2026-05-06 02:44:28,537 log "GET /api/auth/settings/ HTTP/1.1" 200 187
INFO 2026-05-06 02:44:31,065 log "GET /api/auth/profile/ HTTP/1.1" 200 980
INFO 2026-05-06 02:44:31,511 log "GET /api/auth/profile/ HTTP/1.1" 200 980
INFO 2026-05-06 02:44:36,002 log "GET /api/auth/dashboard/ HTTP/1.1" 200 14679
INFO 2026-05-06 02:44:36,673 log "GET /api/auth/dashboard/ HTTP/1.1" 200 14679
INFO 2026-05-06 02:44:41,038 log "OPTIONS /api/auth/logout/ HTTP/1.1" 200 0
INFO 2026-05-06 02:44:41,054 log "POST /api/auth/logout/ HTTP/1.1" 200 37
INFO 2026-05-06 02:46:12,246 log "OPTIONS /api/auth/register/ HTTP/1.1" 200 0
INFO 2026-05-06 02:46:14,298 log "POST /api/auth/register/ HTTP/1.1" 201 679
INFO 2026-05-06 02:46:14,997 log "GET /api/auth/dashboard/ HTTP/1.1" 200 14394
INFO 2026-05-06 02:46:15,549 log "GET /api/auth/dashboard/ HTTP/1.1" 200 14394
INFO 2026-05-06 02:46:36,116 log "OPTIONS /api/learning-path/ HTTP/1.1" 200 0
INFO 2026-05-06 02:46:36,117 log "OPTIONS /api/learning-path/ HTTP/1.1" 200 0
INFO 2026-05-06 02:46:36,715 log "GET /api/learning-path/ HTTP/1.1" 200 29689
INFO 2026-05-06 02:46:37,207 log "GET /api/learning-path/ HTTP/1.1" 200 29689
INFO 2026-05-06 02:46:42,383 log "GET /api/auth/dashboard/ HTTP/1.1" 200 14394
INFO 2026-05-06 02:46:43,012 log "GET /api/auth/dashboard/ HTTP/1.1" 200 14394
INFO 2026-05-06 02:46:45,823 log "GET /api/learning-path/ HTTP/1.1" 200 29689
INFO 2026-05-06 02:46:46,376 log "GET /api/learning-path/ HTTP/1.1" 200 29689
INFO 2026-05-06 02:47:17,245 log "OPTIONS /api/companies/ HTTP/1.1" 200 0
INFO 2026-05-06 02:47:17,245 log "OPTIONS /api/companies/ HTTP/1.1" 200 0
INFO 2026-05-06 02:47:17,805 log "GET /api/companies/ HTTP/1.1" 200 6601
INFO 2026-05-06 02:47:18,277 log "GET /api/companies/ HTTP/1.1" 200 6601
INFO 2026-05-06 03:13:02,312 log "OPTIONS /api/practice/ HTTP/1.1" 200 0
INFO 2026-05-06 03:13:02,312 log "OPTIONS /api/practice/ HTTP/1.1" 200 0
INFO 2026-05-06 03:13:02,796 log "GET /api/practice/ HTTP/1.1" 200 19134
INFO 2026-05-06 03:13:03,215 log "GET /api/practice/ HTTP/1.1" 200 19134
INFO 2026-05-06 03:13:03,835 log "OPTIONS /api/topics/12/questions/ HTTP/1.1" 200 0
INFO 2026-05-06 03:13:04,097 log "GET /api/topics/12/questions/ HTTP/1.1" 200 406
INFO 2026-05-06 03:13:07,349 log "GET /api/learning-path/ HTTP/1.1" 200 29689
INFO 2026-05-06 03:13:07,883 log "GET /api/learning-path/ HTTP/1.1" 200 29689
INFO 2026-05-06 04:34:55,565 log "OPTIONS /api/analytics/full/ HTTP/1.1" 200 0
INFO 2026-05-06 04:34:55,565 log "OPTIONS /api/analytics/full/ HTTP/1.1" 200 0
WARNING 2026-05-06 04:34:55,573 log Unauthorized: /api/analytics/full/
WARNING 2026-05-06 04:34:55,574 log "GET /api/analytics/full/ HTTP/1.1" 401 172
WARNING 2026-05-06 04:34:55,580 log Unauthorized: /api/analytics/full/
INFO 2026-05-06 04:34:55,581 log "OPTIONS /api/auth/token/refresh/ HTTP/1.1" 200 0
WARNING 2026-05-06 04:34:55,583 log "GET /api/analytics/full/ HTTP/1.1" 401 172
INFO 2026-05-06 04:34:55,591 log "POST /api/auth/token/refresh/ HTTP/1.1" 200 244
INFO 2026-05-06 04:34:55,591 log "POST /api/auth/token/refresh/ HTTP/1.1" 200 244
INFO 2026-05-06 04:34:56,166 log "GET /api/analytics/full/ HTTP/1.1" 200 8391
INFO 2026-05-06 04:34:56,688 log "GET /api/analytics/full/ HTTP/1.1" 200 8391
INFO 2026-05-06 04:35:03,511 log "GET /api/learning-path/ HTTP/1.1" 200 29689
INFO 2026-05-06 04:35:03,994 log "GET /api/learning-path/ HTTP/1.1" 200 29689
INFO 2026-05-06 04:35:06,196 log "GET /api/auth/dashboard/ HTTP/1.1" 200 14394
INFO 2026-05-06 04:35:06,803 log "GET /api/auth/dashboard/ HTTP/1.1" 200 14394
INFO 2026-05-06 09:46:46,384 log "OPTIONS /api/auth/session/ HTTP/1.1" 200 0
WARNING 2026-05-06 09:46:46,391 log Unauthorized: /api/auth/session/
WARNING 2026-05-06 09:46:46,395 log "GET /api/auth/session/ HTTP/1.1" 401 172
INFO 2026-05-06 09:46:46,413 log "OPTIONS /api/auth/token/refresh/ HTTP/1.1" 200 0
INFO 2026-05-06 09:46:46,423 log "POST /api/auth/token/refresh/ HTTP/1.1" 200 244
INFO 2026-05-06 09:46:46,469 log "GET /api/auth/session/ HTTP/1.1" 200 141
INFO 2026-05-06 09:46:46,891 log "OPTIONS /api/auth/dashboard/ HTTP/1.1" 200 0
INFO 2026-05-06 09:46:47,895 log "GET /api/auth/dashboard/ HTTP/1.1" 200 14394
INFO 2026-05-06 09:46:49,043 log "GET /api/auth/dashboard/ HTTP/1.1" 200 14394
INFO 2026-05-06 09:47:27,932 log "GET /api/auth/session/ HTTP/1.1" 200 141
INFO 2026-05-06 09:47:29,750 log "GET /api/auth/dashboard/ HTTP/1.1" 200 14394
INFO 2026-05-06 09:47:30,305 log "GET /api/auth/dashboard/ HTTP/1.1" 200 14394
INFO 2026-05-06 09:47:41,197 log "GET /api/auth/session/ HTTP/1.1" 200 141
INFO 2026-05-06 09:47:42,431 log "GET /api/auth/dashboard/ HTTP/1.1" 200 14394
INFO 2026-05-06 09:47:42,862 log "GET /api/auth/dashboard/ HTTP/1.1" 200 14394
INFO 2026-05-06 09:47:48,120 log "GET /api/auth/session/ HTTP/1.1" 200 141
INFO 2026-05-06 09:47:49,401 log "GET /api/auth/dashboard/ HTTP/1.1" 200 14394
INFO 2026-05-06 09:47:49,750 log "GET /api/auth/dashboard/ HTTP/1.1" 200 14394
INFO 2026-05-06 09:47:54,625 log "GET /api/auth/session/ HTTP/1.1" 200 141
INFO 2026-05-06 09:47:55,446 log "GET /api/auth/dashboard/ HTTP/1.1" 200 14394
INFO 2026-05-06 09:47:55,908 log "GET /api/auth/dashboard/ HTTP/1.1" 200 14394
INFO 2026-05-06 09:48:14,295 log "GET /api/auth/session/ HTTP/1.1" 200 141
INFO 2026-05-06 09:48:15,344 log "GET /api/auth/dashboard/ HTTP/1.1" 200 14394
INFO 2026-05-06 09:48:15,688 log "GET /api/auth/dashboard/ HTTP/1.1" 200 14394
INFO 2026-05-06 09:50:18,297 log "GET /api/auth/session/ HTTP/1.1" 200 141
INFO 2026-05-06 09:50:20,168 log "GET /api/auth/dashboard/ HTTP/1.1" 200 14394
INFO 2026-05-06 09:50:21,741 basehttp - Broken pipe from ('127.0.0.1', 65492)
INFO 2026-05-06 09:50:22,224 log "GET /api/auth/session/ HTTP/1.1" 200 141
INFO 2026-05-06 09:50:23,678 log "GET /api/auth/dashboard/ HTTP/1.1" 200 14394
INFO 2026-05-06 09:50:24,793 log "GET /api/auth/dashboard/ HTTP/1.1" 200 14394
INFO 2026-05-06 09:50:50,421 log "GET /api/auth/session/ HTTP/1.1" 200 141
INFO 2026-05-06 09:50:51,466 log "GET /api/auth/dashboard/ HTTP/1.1" 200 14394
INFO 2026-05-06 09:50:51,936 log "GET /api/auth/dashboard/ HTTP/1.1" 200 14394
INFO 2026-05-06 09:51:06,950 log "GET /api/auth/session/ HTTP/1.1" 200 141
INFO 2026-05-06 09:51:08,347 log "GET /api/auth/dashboard/ HTTP/1.1" 200 14394
INFO 2026-05-06 09:51:08,713 log "GET /api/auth/dashboard/ HTTP/1.1" 200 14394
INFO 2026-05-06 09:51:49,505 log "GET /api/auth/session/ HTTP/1.1" 200 141
INFO 2026-05-06 09:51:50,421 log "GET /api/auth/dashboard/ HTTP/1.1" 200 14394
INFO 2026-05-06 09:51:50,832 log "GET /api/auth/dashboard/ HTTP/1.1" 200 14394
INFO 2026-05-06 09:51:56,553 log "GET /api/auth/session/ HTTP/1.1" 200 141
INFO 2026-05-06 09:51:57,455 log "GET /api/auth/dashboard/ HTTP/1.1" 200 14394
INFO 2026-05-06 09:51:57,832 log "GET /api/auth/dashboard/ HTTP/1.1" 200 14394
INFO 2026-05-06 09:52:11,966 log "GET /api/auth/session/ HTTP/1.1" 200 141
INFO 2026-05-06 09:52:13,387 log "GET /api/auth/dashboard/ HTTP/1.1" 200 14394
INFO 2026-05-06 09:52:13,735 log "GET /api/auth/dashboard/ HTTP/1.1" 200 14394
INFO 2026-05-06 09:52:40,605 log "GET /api/auth/session/ HTTP/1.1" 200 141
INFO 2026-05-06 09:52:41,456 log "GET /api/auth/dashboard/ HTTP/1.1" 200 14394
INFO 2026-05-06 09:52:41,937 log "GET /api/auth/dashboard/ HTTP/1.1" 200 14394
INFO 2026-05-06 09:53:11,362 log "GET /api/auth/session/ HTTP/1.1" 200 141
INFO 2026-05-06 09:53:12,668 log "GET /api/auth/dashboard/ HTTP/1.1" 200 14394
INFO 2026-05-06 09:53:13,679 log "GET /api/auth/dashboard/ HTTP/1.1" 200 14394
INFO 2026-05-06 09:53:28,378 log "GET /api/auth/session/ HTTP/1.1" 200 141
INFO 2026-05-06 09:53:29,943 log "GET /api/auth/dashboard/ HTTP/1.1" 200 14394
INFO 2026-05-06 09:53:30,451 log "GET /api/auth/dashboard/ HTTP/1.1" 200 14394
INFO 2026-05-06 09:53:38,489 log "GET /api/auth/session/ HTTP/1.1" 200 141
INFO 2026-05-06 09:53:39,445 log "GET /api/auth/dashboard/ HTTP/1.1" 200 14394
INFO 2026-05-06 09:53:39,820 log "GET /api/auth/dashboard/ HTTP/1.1" 200 14394
INFO 2026-05-06 09:53:52,737 log "GET /api/auth/session/ HTTP/1.1" 200 141
INFO 2026-05-06 09:53:54,388 log "GET /api/auth/dashboard/ HTTP/1.1" 200 14394
INFO 2026-05-06 09:53:54,699 log "GET /api/auth/dashboard/ HTTP/1.1" 200 14394
INFO 2026-05-06 09:54:02,328 log "GET /api/auth/session/ HTTP/1.1" 200 141
INFO 2026-05-06 09:54:03,585 log "GET /api/auth/dashboard/ HTTP/1.1" 200 14394
INFO 2026-05-06 09:54:04,136 log "GET /api/auth/dashboard/ HTTP/1.1" 200 14394
INFO 2026-05-06 09:54:28,301 log "GET /api/auth/session/ HTTP/1.1" 200 141
INFO 2026-05-06 09:54:29,504 log "GET /api/auth/dashboard/ HTTP/1.1" 200 14394
INFO 2026-05-06 09:54:29,920 log "GET /api/auth/dashboard/ HTTP/1.1" 200 14394
INFO 2026-05-06 09:54:37,805 log "GET /api/auth/session/ HTTP/1.1" 200 141
INFO 2026-05-06 09:54:39,210 log "GET /api/auth/dashboard/ HTTP/1.1" 200 14394
INFO 2026-05-06 09:54:39,849 log "GET /api/auth/dashboard/ HTTP/1.1" 200 14394
INFO 2026-05-06 09:55:14,969 log "GET /api/auth/session/ HTTP/1.1" 200 141
INFO 2026-05-06 09:55:16,771 log "GET /api/auth/dashboard/ HTTP/1.1" 200 14394
INFO 2026-05-06 09:55:17,788 log "GET /api/auth/dashboard/ HTTP/1.1" 200 14394
INFO 2026-05-06 09:55:29,769 log "GET /api/auth/session/ HTTP/1.1" 200 141
INFO 2026-05-06 09:55:30,749 log "GET /api/auth/dashboard/ HTTP/1.1" 200 14394
INFO 2026-05-06 09:55:31,323 log "GET /api/auth/dashboard/ HTTP/1.1" 200 14394
WARNING 2026-05-06 10:25:10,924 log Unauthorized: /api/auth/session/
WARNING 2026-05-06 10:25:10,926 log "GET /api/auth/session/ HTTP/1.1" 401 172
INFO 2026-05-06 10:25:11,132 log "POST /api/auth/token/refresh/ HTTP/1.1" 200 244
INFO 2026-05-06 10:25:11,230 log "GET /api/auth/session/ HTTP/1.1" 200 141
INFO 2026-05-06 10:25:12,718 log "GET /api/auth/dashboard/ HTTP/1.1" 200 14394
INFO 2026-05-06 10:25:42,503 basehttp - Broken pipe from ('127.0.0.1', 60145)
INFO 2026-05-06 10:25:44,981 log "GET /api/auth/session/ HTTP/1.1" 200 141
INFO 2026-05-06 10:25:46,496 log "GET /api/auth/dashboard/ HTTP/1.1" 200 14394
INFO 2026-05-06 10:26:02,718 basehttp - Broken pipe from ('127.0.0.1', 55742)
INFO 2026-05-06 10:26:03,395 log "GET /api/auth/session/ HTTP/1.1" 200 141
INFO 2026-05-06 10:26:04,429 log "GET /api/auth/dashboard/ HTTP/1.1" 200 14394
INFO 2026-05-06 10:26:04,835 log "GET /api/auth/dashboard/ HTTP/1.1" 200 14394
INFO 2026-05-06 10:26:13,660 log "GET /api/auth/session/ HTTP/1.1" 200 141
INFO 2026-05-06 10:26:14,506 log "GET /api/auth/dashboard/ HTTP/1.1" 200 14394
INFO 2026-05-06 10:26:14,928 log "GET /api/auth/dashboard/ HTTP/1.1" 200 14394
INFO 2026-05-06 10:26:33,124 log "GET /api/auth/session/ HTTP/1.1" 200 141
INFO 2026-05-06 10:26:34,502 log "GET /api/auth/dashboard/ HTTP/1.1" 200 14394
INFO 2026-05-06 10:26:34,913 log "GET /api/auth/dashboard/ HTTP/1.1" 200 14394
INFO 2026-05-06 10:26:39,417 log "GET /api/auth/session/ HTTP/1.1" 200 141
INFO 2026-05-06 10:26:41,488 log "GET /api/auth/dashboard/ HTTP/1.1" 200 14394
INFO 2026-05-06 10:26:42,417 log "GET /api/auth/dashboard/ HTTP/1.1" 200 14394
INFO 2026-05-06 10:26:55,963 log "GET /api/auth/session/ HTTP/1.1" 200 141
INFO 2026-05-06 10:26:57,412 log "GET /api/auth/dashboard/ HTTP/1.1" 200 14394
INFO 2026-05-06 10:26:57,698 log "GET /api/auth/dashboard/ HTTP/1.1" 200 14394
INFO 2026-05-06 10:27:02,805 log "GET /api/auth/session/ HTTP/1.1" 200 141
INFO 2026-05-06 10:27:04,391 log "GET /api/auth/dashboard/ HTTP/1.1" 200 14394
INFO 2026-05-06 10:27:04,744 log "GET /api/auth/dashboard/ HTTP/1.1" 200 14394
INFO 2026-05-06 10:27:10,643 log "GET /api/auth/session/ HTTP/1.1" 200 141
INFO 2026-05-06 10:27:11,462 log "GET /api/auth/dashboard/ HTTP/1.1" 200 14394
INFO 2026-05-06 10:27:11,840 log "GET /api/auth/dashboard/ HTTP/1.1" 200 14394
INFO 2026-05-06 10:27:23,501 log "GET /api/auth/session/ HTTP/1.1" 200 141
INFO 2026-05-06 10:27:24,409 log "GET /api/auth/dashboard/ HTTP/1.1" 200 14394
INFO 2026-05-06 10:27:24,770 log "GET /api/auth/dashboard/ HTTP/1.1" 200 14394
INFO 2026-05-06 10:27:51,970 log "GET /api/auth/session/ HTTP/1.1" 200 141
INFO 2026-05-06 10:27:53,512 log "GET /api/auth/dashboard/ HTTP/1.1" 200 14394
INFO 2026-05-06 10:27:53,938 log "GET /api/auth/dashboard/ HTTP/1.1" 200 14394
INFO 2026-05-06 10:31:36,293 log "GET /api/auth/session/ HTTP/1.1" 200 141
INFO 2026-05-06 10:31:38,017 log "GET /api/auth/dashboard/ HTTP/1.1" 200 14394
INFO 2026-05-06 11:20:09,509 basehttp - Broken pipe from ('127.0.0.1', 50759)
WARNING 2026-05-06 11:20:13,986 log Unauthorized: /api/auth/session/
WARNING 2026-05-06 11:20:13,987 log "GET /api/auth/session/ HTTP/1.1" 401 172
INFO 2026-05-06 11:20:13,997 log "POST /api/auth/token/refresh/ HTTP/1.1" 200 244
INFO 2026-05-06 11:20:14,015 log "GET /api/auth/session/ HTTP/1.1" 200 141
INFO 2026-05-06 11:20:15,877 log "GET /api/auth/dashboard/ HTTP/1.1" 200 14394
INFO 2026-05-06 11:20:16,998 log "GET /api/auth/dashboard/ HTTP/1.1" 200 14394
INFO 2026-05-06 11:21:49,477 log "OPTIONS /api/auth/logout/ HTTP/1.1" 200 0
INFO 2026-05-06 11:21:49,502 log "POST /api/auth/logout/ HTTP/1.1" 200 37
INFO 2026-05-06 11:21:55,936 log "OPTIONS /api/auth/login/ HTTP/1.1" 200 0
INFO 2026-05-06 11:21:57,407 log "POST /api/auth/login/ HTTP/1.1" 200 667
INFO 2026-05-06 11:21:58,019 log "GET /api/auth/dashboard/ HTTP/1.1" 200 14394
INFO 2026-05-06 11:21:58,544 log "GET /api/auth/dashboard/ HTTP/1.1" 200 14394
INFO 2026-05-06 11:22:24,858 log "OPTIONS /api/learning-path/ HTTP/1.1" 200 0
INFO 2026-05-06 11:22:24,859 log "OPTIONS /api/learning-path/ HTTP/1.1" 200 0
INFO 2026-05-06 11:22:25,400 log "GET /api/learning-path/ HTTP/1.1" 200 29689
INFO 2026-05-06 11:22:25,886 log "GET /api/learning-path/ HTTP/1.1" 200 29689
INFO 2026-05-06 11:24:26,149 log "OPTIONS /api/practice/ HTTP/1.1" 200 0
INFO 2026-05-06 11:24:26,150 log "OPTIONS /api/practice/ HTTP/1.1" 200 0
INFO 2026-05-06 11:24:26,665 log "GET /api/practice/ HTTP/1.1" 200 19134
INFO 2026-05-06 11:24:27,214 log "GET /api/practice/ HTTP/1.1" 200 19134
INFO 2026-05-06 12:49:17,886 log "OPTIONS /api/auth/session/ HTTP/1.1" 200 0
WARNING 2026-05-06 12:49:17,926 log Unauthorized: /api/auth/session/
WARNING 2026-05-06 12:49:17,928 log "GET /api/auth/session/ HTTP/1.1" 401 172
INFO 2026-05-06 12:49:17,938 log "OPTIONS /api/auth/token/refresh/ HTTP/1.1" 200 0
INFO 2026-05-06 12:49:17,950 log "POST /api/auth/token/refresh/ HTTP/1.1" 200 244
INFO 2026-05-06 12:49:18,119 log "GET /api/auth/session/ HTTP/1.1" 200 141
INFO 2026-05-06 13:00:00,404 log "GET /api/practice/ HTTP/1.1" 200 19134
INFO 2026-05-06 13:00:00,972 log "GET /api/practice/ HTTP/1.1" 200 19134
INFO 2026-05-06 13:00:02,068 log "GET /api/auth/session/ HTTP/1.1" 200 141
INFO 2026-05-06 13:00:05,345 log "GET /api/practice/ HTTP/1.1" 200 19134
INFO 2026-05-06 13:00:05,858 log "GET /api/practice/ HTTP/1.1" 200 19134
WARNING 2026-05-06 13:22:36,471 log Unauthorized: /api/auth/session/
WARNING 2026-05-06 13:22:36,474 log "GET /api/auth/session/ HTTP/1.1" 401 172
INFO 2026-05-06 13:22:36,495 log "POST /api/auth/token/refresh/ HTTP/1.1" 200 244
INFO 2026-05-06 13:22:36,521 log "GET /api/auth/session/ HTTP/1.1" 200 141
INFO 2026-05-06 13:22:37,613 log "GET /api/practice/ HTTP/1.1" 200 19134
INFO 2026-05-06 13:36:59,551 basehttp - Broken pipe from ('127.0.0.1', 59458)
INFO 2026-05-06 13:37:09,093 log "GET /api/auth/session/ HTTP/1.1" 200 141
INFO 2026-05-06 13:37:12,514 log "OPTIONS /api/practice/ HTTP/1.1" 200 0
INFO 2026-05-06 13:37:12,523 log "OPTIONS /api/practice/ HTTP/1.1" 200 0
INFO 2026-05-06 13:37:13,075 log "GET /api/practice/ HTTP/1.1" 200 19134
INFO 2026-05-06 13:37:13,523 log "GET /api/practice/ HTTP/1.1" 200 19134
WARNING 2026-05-06 14:36:51,837 log Unauthorized: /api/auth/session/
WARNING 2026-05-06 14:36:51,842 log "GET /api/auth/session/ HTTP/1.1" 401 172
INFO 2026-05-06 14:36:51,856 log "POST /api/auth/token/refresh/ HTTP/1.1" 200 244
INFO 2026-05-06 14:36:51,912 log "GET /api/auth/session/ HTTP/1.1" 200 141
INFO 2026-05-06 14:36:54,025 log "GET /api/practice/ HTTP/1.1" 200 19134
INFO 2026-05-06 14:37:39,544 basehttp - Broken pipe from ('127.0.0.1', 62470)
INFO 2026-05-06 14:37:42,420 log "GET /api/auth/session/ HTTP/1.1" 200 141
INFO 2026-05-06 14:37:47,735 log "GET /api/practice/ HTTP/1.1" 200 19134
INFO 2026-05-06 14:37:48,386 log "GET /api/practice/ HTTP/1.1" 200 19134
INFO 2026-05-06 14:44:42,730 log "OPTIONS /api/topics/12/questions/ HTTP/1.1" 200 0
INFO 2026-05-06 14:44:43,164 log "GET /api/topics/12/questions/ HTTP/1.1" 200 406
INFO 2026-05-06 14:44:45,045 log "OPTIONS /api/learning-path/ HTTP/1.1" 200 0
INFO 2026-05-06 14:44:45,052 log "OPTIONS /api/learning-path/ HTTP/1.1" 200 0
INFO 2026-05-06 14:44:45,699 log "GET /api/learning-path/ HTTP/1.1" 200 29689
INFO 2026-05-06 14:44:46,252 log "GET /api/learning-path/ HTTP/1.1" 200 29689
INFO 2026-05-06 14:44:50,126 log "GET /api/practice/ HTTP/1.1" 200 19134
INFO 2026-05-06 14:44:50,657 log "GET /api/practice/ HTTP/1.1" 200 19134
INFO 2026-05-06 14:44:51,055 log "OPTIONS /api/topics/5/questions/ HTTP/1.1" 200 0
INFO 2026-05-06 14:44:51,414 log "GET /api/topics/5/questions/ HTTP/1.1" 200 434
INFO 2026-05-06 14:44:55,843 log "OPTIONS /api/questions/10/submit/ HTTP/1.1" 200 0
INFO 2026-05-06 14:44:56,499 log "POST /api/questions/10/submit/ HTTP/1.1" 200 38
INFO 2026-05-06 14:45:01,403 log "OPTIONS /api/questions/11/submit/ HTTP/1.1" 200 0
INFO 2026-05-06 14:45:01,934 log "POST /api/questions/11/submit/ HTTP/1.1" 200 38
INFO 2026-05-06 14:45:05,978 log "GET /api/topics/5/questions/ HTTP/1.1" 200 434
INFO 2026-05-06 14:45:10,646 log "POST /api/questions/10/submit/ HTTP/1.1" 200 38
INFO 2026-05-06 14:45:14,928 log "POST /api/questions/11/submit/ HTTP/1.1" 200 37
INFO 2026-05-06 14:45:17,209 log "GET /api/topics/5/questions/ HTTP/1.1" 200 434
INFO 2026-05-06 14:45:20,238 log "POST /api/questions/10/submit/ HTTP/1.1" 200 37
INFO 2026-05-06 14:45:24,172 log "POST /api/questions/11/submit/ HTTP/1.1" 200 37
INFO 2026-05-06 14:47:34,934 log "OPTIONS /api/topics/25/questions/ HTTP/1.1" 200 0
INFO 2026-05-06 14:47:35,291 log "GET /api/topics/25/questions/ HTTP/1.1" 200 397
INFO 2026-05-06 14:47:46,289 log "OPTIONS /api/questions/50/submit/ HTTP/1.1" 200 0
INFO 2026-05-06 14:47:46,849 log "POST /api/questions/50/submit/ HTTP/1.1" 200 37
INFO 2026-05-06 14:47:56,816 log "OPTIONS /api/questions/51/submit/ HTTP/1.1" 200 0
INFO 2026-05-06 14:47:57,422 log "POST /api/questions/51/submit/ HTTP/1.1" 200 37
INFO 2026-05-06 14:49:41,923 log "OPTIONS /api/tests/ HTTP/1.1" 200 0
INFO 2026-05-06 14:49:41,923 log "OPTIONS /api/tests/ HTTP/1.1" 200 0
INFO 2026-05-06 14:49:42,711 log "GET /api/tests/ HTTP/1.1" 200 3978
INFO 2026-05-06 14:49:43,317 log "GET /api/tests/ HTTP/1.1" 200 3978
INFO 2026-05-06 15:18:17,582 log "OPTIONS /api/interview/config/ HTTP/1.1" 200 0
WARNING 2026-05-06 15:18:17,587 log Unauthorized: /api/interview/config/
INFO 2026-05-06 15:18:17,588 log "OPTIONS /api/interview/config/ HTTP/1.1" 200 0
WARNING 2026-05-06 15:18:17,589 log "GET /api/interview/config/ HTTP/1.1" 401 172
WARNING 2026-05-06 15:18:17,592 log Unauthorized: /api/interview/config/
INFO 2026-05-06 15:18:17,593 log "OPTIONS /api/auth/token/refresh/ HTTP/1.1" 200 0
WARNING 2026-05-06 15:18:17,593 log "GET /api/interview/config/ HTTP/1.1" 401 172
INFO 2026-05-06 15:18:17,597 log "POST /api/auth/token/refresh/ HTTP/1.1" 200 244
INFO 2026-05-06 15:18:17,598 log "POST /api/auth/token/refresh/ HTTP/1.1" 200 244
INFO 2026-05-06 15:18:17,610 log "GET /api/interview/config/ HTTP/1.1" 200 326
INFO 2026-05-06 15:18:17,623 log "GET /api/interview/config/ HTTP/1.1" 200 326
WARNING 2026-05-06 15:19:30,227 log Not Found: /
WARNING 2026-05-06 15:19:30,229 log "GET / HTTP/1.1" 404 2456
WARNING 2026-05-06 15:19:30,442 log Not Found: /favicon.ico
WARNING 2026-05-06 15:19:30,443 log "GET /favicon.ico HTTP/1.1" 404 2507
INFO 2026-05-06 15:19:48,557 log "GET /admin HTTP/1.1" 301 0
INFO 2026-05-06 15:19:48,748 log "GET /admin/ HTTP/1.1" 302 0
INFO 2026-05-06 15:19:49,238 log "GET /admin/login/?next=/admin/ HTTP/1.1" 200 4077
INFO 2026-05-06 15:19:49,634 log "GET /static/admin/css/base.css HTTP/1.1" 200 23100
INFO 2026-05-06 15:19:49,638 log "GET /static/admin/css/dark_mode.css HTTP/1.1" 200 3538
INFO 2026-05-06 15:19:49,642 log "GET /static/admin/css/login.css HTTP/1.1" 200 951
INFO 2026-05-06 15:19:49,643 log "GET /static/admin/css/responsive.css HTTP/1.1" 200 16273
INFO 2026-05-06 15:19:49,644 log "GET /static/admin/css/nav_sidebar.css HTTP/1.1" 200 2810
INFO 2026-05-06 15:19:49,655 log "GET /static/admin/js/theme.js HTTP/1.1" 200 1653
INFO 2026-05-06 15:19:49,670 log "GET /static/admin/js/nav_sidebar.js HTTP/1.1" 200 3063
INFO 2026-05-06 15:20:34,236 log "OPTIONS /api/auth/logout/ HTTP/1.1" 200 0
INFO 2026-05-06 15:20:34,266 log "POST /api/auth/logout/ HTTP/1.1" 200 37
INFO 2026-05-06 15:20:44,085 log "OPTIONS /api/auth/login/ HTTP/1.1" 200 0
INFO 2026-05-06 15:20:45,736 log "POST /api/auth/login/ HTTP/1.1" 200 667
INFO 2026-05-06 15:20:45,788 log "OPTIONS /api/auth/dashboard/ HTTP/1.1" 200 0
INFO 2026-05-06 15:20:45,788 log "OPTIONS /api/auth/dashboard/ HTTP/1.1" 200 0
INFO 2026-05-06 15:20:46,523 log "GET /api/auth/dashboard/ HTTP/1.1" 200 14406
INFO 2026-05-06 15:20:47,176 log "GET /api/auth/dashboard/ HTTP/1.1" 200 14406
INFO 2026-05-06 15:21:32,872 log "POST /admin/login/?next=/admin/ HTTP/1.1" 200 4258
INFO 2026-05-06 15:22:19,391 log "POST /admin/login/?next=/admin/ HTTP/1.1" 200 4242
INFO 2026-05-06 16:02:04,255 log "OPTIONS /api/auth/session/ HTTP/1.1" 200 0
WARNING 2026-05-06 16:02:04,262 log Unauthorized: /api/auth/session/
WARNING 2026-05-06 16:02:04,262 log "GET /api/auth/session/ HTTP/1.1" 401 172
INFO 2026-05-06 16:02:04,270 log "POST /api/auth/token/refresh/ HTTP/1.1" 200 244
INFO 2026-05-06 16:02:04,287 log "GET /api/auth/session/ HTTP/1.1" 200 141
INFO 2026-05-06 16:02:05,303 log "GET /api/auth/dashboard/ HTTP/1.1" 200 14390
INFO 2026-05-06 16:02:05,860 log "GET /api/auth/dashboard/ HTTP/1.1" 200 14390
INFO 2026-05-06 16:02:06,936 log "POST /api/auth/logout/ HTTP/1.1" 200 37
INFO 2026-05-06 16:06:31,645 log "POST /api/auth/login/ HTTP/1.1" 200 667
INFO 2026-05-06 16:06:32,646 log "GET /api/auth/dashboard/ HTTP/1.1" 200 14390
INFO 2026-05-06 16:06:33,702 log "GET /api/auth/dashboard/ HTTP/1.1" 200 14390
INFO 2026-05-06 16:07:05,225 log "GET /api/learning-path/ HTTP/1.1" 200 29691
INFO 2026-05-06 16:07:06,044 log "GET /api/learning-path/ HTTP/1.1" 200 29691
INFO 2026-05-06 16:07:07,605 log "GET /api/auth/dashboard/ HTTP/1.1" 200 14390
INFO 2026-05-06 16:07:08,578 log "GET /api/auth/dashboard/ HTTP/1.1" 200 14390
INFO 2026-05-06 16:07:37,711 log "GET /api/learning-path/ HTTP/1.1" 200 29691
INFO 2026-05-06 16:07:38,500 log "GET /api/learning-path/ HTTP/1.1" 200 29691
INFO 2026-05-06 16:08:30,275 log "OPTIONS /api/practice/ HTTP/1.1" 200 0
INFO 2026-05-06 16:08:30,277 log "OPTIONS /api/practice/ HTTP/1.1" 200 0
INFO 2026-05-06 16:08:31,258 log "GET /api/practice/ HTTP/1.1" 200 19136
INFO 2026-05-06 16:08:32,436 log "GET /api/practice/ HTTP/1.1" 200 19136
INFO 2026-05-06 16:08:32,955 log "GET /api/learning-path/ HTTP/1.1" 200 29691
INFO 2026-05-06 16:08:33,823 log "GET /api/learning-path/ HTTP/1.1" 200 29691
INFO 2026-05-06 16:08:57,579 log "OPTIONS /api/companies/ HTTP/1.1" 200 0
INFO 2026-05-06 16:08:57,579 log "OPTIONS /api/companies/ HTTP/1.1" 200 0
INFO 2026-05-06 16:08:58,299 log "GET /api/companies/ HTTP/1.1" 200 6601
INFO 2026-05-06 16:08:59,211 log "GET /api/companies/ HTTP/1.1" 200 6601
INFO 2026-05-06 16:09:31,282 log "OPTIONS /api/analytics/full/ HTTP/1.1" 200 0
INFO 2026-05-06 16:09:31,283 log "OPTIONS /api/analytics/full/ HTTP/1.1" 200 0
INFO 2026-05-06 16:09:32,254 log "GET /api/analytics/full/ HTTP/1.1" 200 8394
INFO 2026-05-06 16:09:33,493 log "GET /api/analytics/full/ HTTP/1.1" 200 8394
INFO 2026-05-06 16:09:42,051 log "GET /api/interview/config/ HTTP/1.1" 200 326
INFO 2026-05-06 16:09:42,067 log "GET /api/interview/config/ HTTP/1.1" 200 326
INFO 2026-05-06 16:09:46,738 log "OPTIONS /api/interview/start/ HTTP/1.1" 200 0
INFO 2026-05-06 16:09:47,381 log "POST /api/interview/start/ HTTP/1.1" 200 212
INFO 2026-05-06 16:09:56,681 log "OPTIONS /api/code/workspace/ HTTP/1.1" 200 0
INFO 2026-05-06 16:09:56,681 log "OPTIONS /api/code/workspace/ HTTP/1.1" 200 0
INFO 2026-05-06 16:09:56,699 log "GET /api/code/workspace/ HTTP/1.1" 200 632
INFO 2026-05-06 16:09:56,714 log "GET /api/code/workspace/ HTTP/1.1" 200 632
INFO 2026-05-06 16:10:11,691 log "GET /api/tests/ HTTP/1.1" 200 3978
INFO 2026-05-06 16:10:12,590 log "GET /api/tests/ HTTP/1.1" 200 3978
INFO 2026-05-06 16:10:14,216 log "OPTIONS /api/tests/3/start/ HTTP/1.1" 200 0
INFO 2026-05-06 16:10:14,848 log "POST /api/tests/3/start/ HTTP/1.1" 200 181
INFO 2026-05-06 16:10:14,854 log "OPTIONS /api/tests/3/ HTTP/1.1" 200 0
INFO 2026-05-06 16:10:15,348 log "GET /api/tests/3/ HTTP/1.1" 200 3059
INFO 2026-05-06 16:10:31,510 log "OPTIONS /api/tests/submit/ HTTP/1.1" 200 0
INFO 2026-05-06 16:10:32,171 log "POST /api/tests/submit/ HTTP/1.1" 200 2253
INFO 2026-05-06 16:10:33,022 log "GET /api/tests/ HTTP/1.1" 200 3978
INFO 2026-05-06 16:10:37,332 log "GET /api/practice/ HTTP/1.1" 200 19136
INFO 2026-05-06 16:10:38,124 log "GET /api/practice/ HTTP/1.1" 200 19136
INFO 2026-05-06 16:10:51,270 log "GET /api/companies/ HTTP/1.1" 200 6601
INFO 2026-05-06 16:10:52,000 log "GET /api/companies/ HTTP/1.1" 200 6601
INFO 2026-05-06 16:12:38,954 log "GET /api/practice/ HTTP/1.1" 200 19136
INFO 2026-05-06 16:12:39,738 log "GET /api/practice/ HTTP/1.1" 200 19136
INFO 2026-05-06 16:12:40,735 log "OPTIONS /api/topics/10/questions/ HTTP/1.1" 200 0
INFO 2026-05-06 16:12:41,259 log "GET /api/topics/10/questions/ HTTP/1.1" 200 332
INFO 2026-05-06 16:12:44,906 log "GET /api/learning-path/ HTTP/1.1" 200 29691
INFO 2026-05-06 16:12:45,771 log "GET /api/learning-path/ HTTP/1.1" 200 29691
INFO 2026-05-06 16:12:47,190 log "OPTIONS /api/auth/profile/ HTTP/1.1" 200 0
INFO 2026-05-06 16:12:47,194 log "OPTIONS /api/auth/profile/ HTTP/1.1" 200 0
INFO 2026-05-06 16:12:47,968 log "GET /api/auth/profile/ HTTP/1.1" 200 891
INFO 2026-05-06 16:12:48,695 log "GET /api/auth/profile/ HTTP/1.1" 200 891
INFO 2026-05-06 16:12:55,438 log "OPTIONS /api/auth/settings/ HTTP/1.1" 200 0
INFO 2026-05-06 16:12:55,439 log "OPTIONS /api/auth/settings/ HTTP/1.1" 200 0
INFO 2026-05-06 16:12:56,077 log "GET /api/auth/settings/ HTTP/1.1" 200 186
INFO 2026-05-06 16:12:56,800 log "GET /api/auth/settings/ HTTP/1.1" 200 186
INFO 2026-05-18 18:58:31,409 autoreload Watching for file changes with StatReloader
INFO 2026-05-18 18:59:11,707 log "OPTIONS /api/auth/session/ HTTP/1.1" 200 0
WARNING 2026-05-18 18:59:11,865 log Unauthorized: /api/auth/session/
WARNING 2026-05-18 18:59:11,873 log "GET /api/auth/session/ HTTP/1.1" 401 172
INFO 2026-05-18 18:59:11,878 log "OPTIONS /api/auth/token/refresh/ HTTP/1.1" 200 0
WARNING 2026-05-18 18:59:11,885 log Unauthorized: /api/auth/token/refresh/
WARNING 2026-05-18 18:59:11,896 log "POST /api/auth/token/refresh/ HTTP/1.1" 401 44
INFO 2026-05-18 19:00:08,442 log "OPTIONS /api/auth/session/ HTTP/1.1" 200 0
WARNING 2026-05-18 19:00:08,458 log Unauthorized: /api/auth/session/
WARNING 2026-05-18 19:00:08,462 log "GET /api/auth/session/ HTTP/1.1" 401 172
INFO 2026-05-18 19:00:08,485 log "OPTIONS /api/auth/token/refresh/ HTTP/1.1" 200 0
WARNING 2026-05-18 19:00:08,503 log Unauthorized: /api/auth/token/refresh/
WARNING 2026-05-18 19:00:08,507 log "POST /api/auth/token/refresh/ HTTP/1.1" 401 44
INFO 2026-05-18 19:00:21,985 log "OPTIONS /api/auth/login/ HTTP/1.1" 200 0
INFO 2026-05-18 19:00:23,198 log "POST /api/auth/login/ HTTP/1.1" 200 657
INFO 2026-05-18 19:00:23,325 log "OPTIONS /api/admin/overview/ HTTP/1.1" 200 0
INFO 2026-05-18 19:00:23,325 log "OPTIONS /api/admin/overview/ HTTP/1.1" 200 0
INFO 2026-05-18 19:00:23,939 log "GET /api/admin/overview/ HTTP/1.1" 200 52430
INFO 2026-05-18 19:00:24,421 log "GET /api/admin/overview/ HTTP/1.1" 200 52430
INFO 2026-05-18 19:05:28,180 log "GET /api/auth/session/ HTTP/1.1" 200 131
INFO 2026-05-18 19:05:28,897 log "GET /api/admin/overview/ HTTP/1.1" 200 52430
INFO 2026-05-18 19:05:29,383 log "GET /api/admin/overview/ HTTP/1.1" 200 52430
INFO 2026-05-18 19:05:39,814 log "GET /api/admin/overview/ HTTP/1.1" 200 52430
INFO 2026-05-18 19:05:42,270 log "GET /api/admin/overview/ HTTP/1.1" 200 52430
INFO 2026-05-18 19:05:42,735 log "GET /api/admin/overview/ HTTP/1.1" 200 52430
INFO 2026-05-18 19:06:04,151 log "OPTIONS /api/learning-path/ HTTP/1.1" 200 0
INFO 2026-05-18 19:06:04,151 log "OPTIONS /api/learning-path/ HTTP/1.1" 200 0
INFO 2026-05-18 19:06:04,515 log "GET /api/learning-path/ HTTP/1.1" 200 29689
INFO 2026-05-18 19:06:04,858 log "GET /api/learning-path/ HTTP/1.1" 200 29689
INFO 2026-05-18 19:06:23,819 log "GET /api/auth/session/ HTTP/1.1" 200 131
INFO 2026-05-18 19:06:24,506 log "GET /api/learning-path/ HTTP/1.1" 200 29689
INFO 2026-05-18 19:06:24,856 log "GET /api/learning-path/ HTTP/1.1" 200 29689
INFO 2026-05-18 19:06:29,352 log "GET /api/admin/overview/ HTTP/1.1" 200 52430
INFO 2026-05-18 19:06:29,798 log "GET /api/admin/overview/ HTTP/1.1" 200 52430
INFO 2026-05-18 19:06:42,816 log "OPTIONS /api/auth/login/ HTTP/1.1" 200 0
INFO 2026-05-18 19:06:43,989 log "POST /api/auth/login/ HTTP/1.1" 200 667
INFO 2026-05-18 19:06:44,052 log "OPTIONS /api/auth/dashboard/ HTTP/1.1" 200 0
INFO 2026-05-18 19:06:44,055 log "OPTIONS /api/auth/dashboard/ HTTP/1.1" 200 0
INFO 2026-05-18 19:06:44,546 log "GET /api/auth/dashboard/ HTTP/1.1" 200 13897
INFO 2026-05-18 19:06:45,043 log "GET /api/auth/dashboard/ HTTP/1.1" 200 13897
INFO 2026-05-18 19:06:49,154 log "OPTIONS /api/learning-path/ HTTP/1.1" 200 0
INFO 2026-05-18 19:06:49,154 log "OPTIONS /api/learning-path/ HTTP/1.1" 200 0
INFO 2026-05-18 19:06:49,472 log "GET /api/learning-path/ HTTP/1.1" 200 29691
INFO 2026-05-18 19:06:49,848 log "GET /api/learning-path/ HTTP/1.1" 200 29691
INFO 2026-05-18 19:06:54,914 log "OPTIONS /api/auth/logout/ HTTP/1.1" 200 0
INFO 2026-05-18 19:06:54,927 log "POST /api/auth/logout/ HTTP/1.1" 200 37
INFO 2026-05-18 19:07:54,456 log "POST /api/auth/login/ HTTP/1.1" 200 657
INFO 2026-05-18 19:07:54,505 log "OPTIONS /api/admin/overview/ HTTP/1.1" 200 0
INFO 2026-05-18 19:07:54,505 log "OPTIONS /api/admin/overview/ HTTP/1.1" 200 0
INFO 2026-05-18 19:07:55,033 log "GET /api/admin/overview/ HTTP/1.1" 200 52430
INFO 2026-05-18 19:07:55,497 log "GET /api/admin/overview/ HTTP/1.1" 200 52430
INFO 2026-05-18 19:09:17,129 log "GET /api/admin/overview/ HTTP/1.1" 200 52430
INFO 2026-05-18 19:09:20,258 log "OPTIONS /api/companies/ HTTP/1.1" 200 0
INFO 2026-05-18 19:09:20,259 log "OPTIONS /api/companies/ HTTP/1.1" 200 0
INFO 2026-05-18 19:09:20,557 log "GET /api/companies/ HTTP/1.1" 200 6601
INFO 2026-05-18 19:09:20,852 log "GET /api/companies/ HTTP/1.1" 200 6601
INFO 2026-05-18 19:09:25,524 log "OPTIONS /api/tests/ HTTP/1.1" 200 0
INFO 2026-05-18 19:09:25,524 log "OPTIONS /api/tests/ HTTP/1.1" 200 0
INFO 2026-05-18 19:09:25,954 log "GET /api/tests/ HTTP/1.1" 200 4246
INFO 2026-05-18 19:09:26,351 log "GET /api/tests/ HTTP/1.1" 200 4246
INFO 2026-05-18 19:09:26,400 log "OPTIONS /api/practice/ HTTP/1.1" 200 0
INFO 2026-05-18 19:09:26,400 log "OPTIONS /api/practice/ HTTP/1.1" 200 0
INFO 2026-05-18 19:09:26,778 log "GET /api/practice/ HTTP/1.1" 200 19134
INFO 2026-05-18 19:09:27,121 log "GET /api/practice/ HTTP/1.1" 200 19134
INFO 2026-05-18 19:09:28,001 log "GET /api/learning-path/ HTTP/1.1" 200 29689
INFO 2026-05-18 19:09:28,349 log "GET /api/learning-path/ HTTP/1.1" 200 29689
INFO 2026-05-18 19:09:29,635 log "GET /api/admin/overview/ HTTP/1.1" 200 52430
INFO 2026-05-18 19:09:30,145 log "GET /api/admin/overview/ HTTP/1.1" 200 52430
INFO 2026-05-18 19:09:33,420 log "OPTIONS /api/auth/settings/ HTTP/1.1" 200 0
INFO 2026-05-18 19:09:33,420 log "OPTIONS /api/auth/settings/ HTTP/1.1" 200 0
INFO 2026-05-18 19:09:33,714 log "GET /api/auth/settings/ HTTP/1.1" 200 179
INFO 2026-05-18 19:09:34,014 log "GET /api/auth/settings/ HTTP/1.1" 200 179
INFO 2026-05-18 19:09:36,989 log "POST /api/auth/logout/ HTTP/1.1" 200 37
INFO 2026-05-18 19:09:55,507 log "POST /api/auth/login/ HTTP/1.1" 200 667
INFO 2026-05-18 19:09:55,939 log "GET /api/auth/dashboard/ HTTP/1.1" 200 13897
INFO 2026-05-18 19:09:56,377 log "GET /api/auth/dashboard/ HTTP/1.1" 200 13897
INFO 2026-05-18 19:10:00,037 log "GET /api/learning-path/ HTTP/1.1" 200 29691
INFO 2026-05-18 19:10:00,406 log "GET /api/learning-path/ HTTP/1.1" 200 29691
INFO 2026-05-18 19:10:03,499 log "GET /api/practice/ HTTP/1.1" 200 19136
INFO 2026-05-18 19:10:03,810 log "GET /api/practice/ HTTP/1.1" 200 19136
INFO 2026-05-18 19:10:07,913 log "GET /api/tests/ HTTP/1.1" 200 4246
INFO 2026-05-18 19:10:08,343 log "GET /api/tests/ HTTP/1.1" 200 4246
INFO 2026-05-18 19:10:12,617 log "OPTIONS /api/code/workspace/ HTTP/1.1" 200 0
INFO 2026-05-18 19:10:12,617 log "OPTIONS /api/code/workspace/ HTTP/1.1" 200 0
INFO 2026-05-18 19:10:12,628 log "GET /api/code/workspace/ HTTP/1.1" 200 632
INFO 2026-05-18 19:10:12,636 log "GET /api/code/workspace/ HTTP/1.1" 200 632
INFO 2026-05-18 19:11:27,849 log "OPTIONS /api/interview/config/ HTTP/1.1" 200 0
INFO 2026-05-18 19:11:27,850 log "OPTIONS /api/interview/config/ HTTP/1.1" 200 0
INFO 2026-05-18 19:11:27,862 log "GET /api/interview/config/ HTTP/1.1" 200 326
INFO 2026-05-18 19:11:27,873 log "GET /api/interview/config/ HTTP/1.1" 200 326
INFO 2026-05-18 19:11:30,801 log "OPTIONS /api/analytics/full/ HTTP/1.1" 200 0
INFO 2026-05-18 19:11:30,801 log "OPTIONS /api/analytics/full/ HTTP/1.1" 200 0
INFO 2026-05-18 19:11:31,187 log "GET /api/analytics/full/ HTTP/1.1" 200 8494
INFO 2026-05-18 19:11:31,593 log "GET /api/analytics/full/ HTTP/1.1" 200 8494
INFO 2026-05-18 19:11:36,802 log "GET /api/companies/ HTTP/1.1" 200 6601
INFO 2026-05-18 19:11:37,140 log "GET /api/companies/ HTTP/1.1" 200 6601
INFO 2026-05-18 19:12:03,356 log "POST /api/auth/logout/ HTTP/1.1" 200 37
INFO 2026-05-18 19:12:47,460 log "OPTIONS /api/auth/register/ HTTP/1.1" 200 0
WARNING 2026-05-18 19:12:47,928 log Bad Request: /api/auth/register/
WARNING 2026-05-18 19:12:47,929 log "POST /api/auth/register/ HTTP/1.1" 400 82
WARNING 2026-05-18 19:12:54,546 log Bad Request: /api/auth/register/
WARNING 2026-05-18 19:12:54,548 log "POST /api/auth/register/ HTTP/1.1" 400 82
INFO 2026-05-18 19:13:59,753 log "GET /api/admin/overview/ HTTP/1.1" 200 52430
INFO 2026-05-18 19:14:00,542 log "GET /api/admin/overview/ HTTP/1.1" 200 52430
INFO 2026-05-18 19:14:01,522 log "GET /api/admin/overview/ HTTP/1.1" 200 52430
INFO 2026-05-18 19:14:02,168 log "GET /api/admin/overview/ HTTP/1.1" 200 52430
INFO 2026-05-18 19:14:29,443 log "GET /api/auth/session/ HTTP/1.1" 200 131
INFO 2026-05-18 19:14:30,154 log "GET /api/admin/overview/ HTTP/1.1" 200 52430
INFO 2026-05-18 19:14:30,636 log "GET /api/admin/overview/ HTTP/1.1" 200 52430
INFO 2026-05-18 19:14:53,548 log "OPTIONS /api/auth/logout/ HTTP/1.1" 200 0
INFO 2026-05-18 19:14:53,556 log "POST /api/auth/logout/ HTTP/1.1" 200 37
INFO 2026-05-18 19:16:41,191 log "POST /api/auth/register/ HTTP/1.1" 201 687
INFO 2026-05-18 19:16:42,610 basehttp - Broken pipe from ('127.0.0.1', 55085)
INFO 2026-05-18 19:18:09,116 log "POST /api/auth/register/ HTTP/1.1" 201 672
INFO 2026-05-18 19:18:09,552 log "GET /api/auth/dashboard/ HTTP/1.1" 200 10807
INFO 2026-05-18 19:18:10,029 log "GET /api/auth/dashboard/ HTTP/1.1" 200 10807
INFO 2026-05-18 19:18:15,872 log "GET /api/learning-path/ HTTP/1.1" 200 28695
INFO 2026-05-18 19:18:16,191 log "GET /api/learning-path/ HTTP/1.1" 200 28695
INFO 2026-05-18 19:18:18,809 log "GET /api/practice/ HTTP/1.1" 200 18923
INFO 2026-05-18 19:18:19,205 log "GET /api/practice/ HTTP/1.1" 200 18923
INFO 2026-05-18 19:18:23,037 log "GET /api/tests/ HTTP/1.1" 200 4168
INFO 2026-05-18 19:18:23,463 log "GET /api/tests/ HTTP/1.1" 200 4168
INFO 2026-05-18 19:18:27,752 log "GET /api/code/workspace/ HTTP/1.1" 200 632
INFO 2026-05-18 19:18:27,762 log "GET /api/code/workspace/ HTTP/1.1" 200 632
INFO 2026-05-18 19:18:29,994 log "GET /api/interview/config/ HTTP/1.1" 200 326
INFO 2026-05-18 19:18:30,001 log "GET /api/interview/config/ HTTP/1.1" 200 326
INFO 2026-05-18 19:18:32,174 log "GET /api/analytics/full/ HTTP/1.1" 200 7407
INFO 2026-05-18 19:18:32,563 log "GET /api/analytics/full/ HTTP/1.1" 200 7407
INFO 2026-05-18 19:18:38,154 log "GET /api/companies/ HTTP/1.1" 200 789
INFO 2026-05-18 19:18:38,472 log "GET /api/companies/ HTTP/1.1" 200 789
INFO 2026-05-18 19:18:52,449 log "POST /api/auth/logout/ HTTP/1.1" 200 37
INFO 2026-05-18 19:18:58,761 log "POST /api/auth/login/ HTTP/1.1" 200 657
INFO 2026-05-18 19:18:59,221 log "GET /api/admin/overview/ HTTP/1.1" 200 52749
INFO 2026-05-18 19:18:59,630 log "GET /api/admin/overview/ HTTP/1.1" 200 52749
INFO 2026-05-18 19:19:05,744 log "OPTIONS /api/admin/users/9/ HTTP/1.1" 200 0
INFO 2026-05-18 19:19:05,778 log "PATCH /api/admin/users/9/ HTTP/1.1" 200 144
INFO 2026-05-18 19:19:06,265 log "GET /api/admin/overview/ HTTP/1.1" 200 52750
INFO 2026-05-18 19:19:37,069 log "GET /api/admin/overview/ HTTP/1.1" 200 52750
INFO 2026-05-18 19:19:42,441 log "GET /api/admin/overview/ HTTP/1.1" 200 52750
INFO 2026-05-18 19:19:49,498 log "POST /api/auth/logout/ HTTP/1.1" 200 37
INFO 2026-05-18 19:22:31,340 log "GET /api/health/ HTTP/1.1" 200 51
INFO 2026-05-18 19:22:31,666 log "GET /api/landing/ HTTP/1.1" 200 1831
INFO 2026-05-18 19:22:33,166 log "POST /api/auth/register/ HTTP/1.1" 201 690
INFO 2026-05-18 19:22:33,176 log "GET /api/auth/session/ HTTP/1.1" 200 150
INFO 2026-05-18 19:22:33,639 log "GET /api/auth/dashboard/ HTTP/1.1" 200 10820
INFO 2026-05-18 19:22:33,955 log "GET /api/auth/profile/ HTTP/1.1" 200 532
INFO 2026-05-18 19:22:34,278 log "GET /api/auth/settings/ HTTP/1.1" 200 194
INFO 2026-05-18 19:22:34,292 log "GET /api/auth/goals/ HTTP/1.1" 200 2
INFO 2026-05-18 19:22:34,310 log "GET /api/auth/streak/ HTTP/1.1" 200 39
INFO 2026-05-18 19:22:34,655 log "GET /api/learning-path/ HTTP/1.1" 200 28695
INFO 2026-05-18 19:22:35,009 log "GET /api/practice/ HTTP/1.1" 200 18923
INFO 2026-05-18 19:22:35,439 log "GET /api/tests/ HTTP/1.1" 200 4168
INFO 2026-05-18 19:22:35,689 log "GET /api/companies/ HTTP/1.1" 200 789
INFO 2026-05-18 19:22:36,193 log "GET /api/analytics/full/ HTTP/1.1" 200 7407
INFO 2026-05-18 19:22:36,508 log "GET /api/analytics/dashboard/ HTTP/1.1" 200 94
INFO 2026-05-18 19:22:36,783 log "GET /api/analytics/topic-accuracy/ HTTP/1.1" 200 2
INFO 2026-05-18 19:22:37,119 log "GET /api/analytics/overall-performance/ HTTP/1.1" 200 53
INFO 2026-05-18 19:22:37,134 log "GET /api/code/workspace/ HTTP/1.1" 200 632
INFO 2026-05-18 19:22:37,149 log "GET /api/code/submissions/ HTTP/1.1" 200 2
INFO 2026-05-18 19:22:37,161 log "GET /api/interview/config/ HTTP/1.1" 200 326
INFO 2026-05-18 19:22:37,179 log "GET /api/interview/history/ HTTP/1.1" 200 2
ERROR 2026-05-18 19:22:37,863 log Internal Server Error: /api/auth/goals/
Traceback (most recent call last):
  File "C:\Users\neera\OneDrive\Desktop\smart-placement-platform\venv\Lib\site-packages\django\db\backends\utils.py", line 105, in _execute
    return self.cursor.execute(sql, params)
           ~~~~~~~~~~~~~~~~~~~^^^^^^^^^^^^^
  File "C:\Users\neera\OneDrive\Desktop\smart-placement-platform\venv\Lib\site-packages\django\db\backends\mysql\base.py", line 78, in execute
    return self.cursor.execute(query, args)
           ~~~~~~~~~~~~~~~~~~~^^^^^^^^^^^^^
  File "C:\Users\neera\OneDrive\Desktop\smart-placement-platform\venv\Lib\site-packages\MySQLdb\cursors.py", line 179, in execute
    res = self._query(mogrified_query)
  File "C:\Users\neera\OneDrive\Desktop\smart-placement-platform\venv\Lib\site-packages\MySQLdb\cursors.py", line 330, in _query
    db.query(q)
    ~~~~~~~~^^^
  File "C:\Users\neera\OneDrive\Desktop\smart-placement-platform\venv\Lib\site-packages\MySQLdb\connections.py", line 286, in query
    _mysql.connection.query(self, query)
    ~~~~~~~~~~~~~~~~~~~~~~~^^^^^^^^^^^^^
MySQLdb.IntegrityError: (1048, "Column 'date' cannot be null")

The above exception was the direct cause of the following exception:

Traceback (most recent call last):
  File "C:\Users\neera\OneDrive\Desktop\smart-placement-platform\venv\Lib\site-packages\django\core\handlers\exception.py", line 55, in inner
    response = get_response(request)
  File "C:\Users\neera\OneDrive\Desktop\smart-placement-platform\venv\Lib\site-packages\django\core\handlers\base.py", line 198, in _get_response
    response = wrapped_callback(request, *callback_args, **callback_kwargs)
  File "C:\Users\neera\OneDrive\Desktop\smart-placement-platform\venv\Lib\site-packages\django\views\decorators\csrf.py", line 65, in _view_wrapper
    return view_func(request, *args, **kwargs)
  File "C:\Users\neera\OneDrive\Desktop\smart-placement-platform\venv\Lib\site-packages\django\views\generic\base.py", line 106, in view
    return self.dispatch(request, *args, **kwargs)
           ~~~~~~~~~~~~~^^^^^^^^^^^^^^^^^^^^^^^^^^
  File "C:\Users\neera\OneDrive\Desktop\smart-placement-platform\venv\Lib\site-packages\rest_framework\views.py", line 515, in dispatch
    response = self.handle_exception(exc)
  File "C:\Users\neera\OneDrive\Desktop\smart-placement-platform\venv\Lib\site-packages\rest_framework\views.py", line 475, in handle_exception
    self.raise_uncaught_exception(exc)
    ~~~~~~~~~~~~~~~~~~~~~~~~~~~~~^^^^^
  File "C:\Users\neera\OneDrive\Desktop\smart-placement-platform\venv\Lib\site-packages\rest_framework\views.py", line 486, in raise_uncaught_exception
    raise exc
  File "C:\Users\neera\OneDrive\Desktop\smart-placement-platform\venv\Lib\site-packages\rest_framework\views.py", line 512, in dispatch
    response = handler(request, *args, **kwargs)
  File "C:\Users\neera\OneDrive\Desktop\smart-placement-platform\accounts\views.py", line 271, in post
    serializer.save(user=request.user)
    ~~~~~~~~~~~~~~~^^^^^^^^^^^^^^^^^^^
  File "C:\Users\neera\OneDrive\Desktop\smart-placement-platform\venv\Lib\site-packages\rest_framework\serializers.py", line 210, in save
    self.instance = self.create(validated_data)
                    ~~~~~~~~~~~^^^^^^^^^^^^^^^^
  File "C:\Users\neera\OneDrive\Desktop\smart-placement-platform\venv\Lib\site-packages\rest_framework\serializers.py", line 1011, in create
    instance = ModelClass._default_manager.create(**validated_data)
  File "C:\Users\neera\OneDrive\Desktop\smart-placement-platform\venv\Lib\site-packages\django\db\models\manager.py", line 87, in manager_method
    return getattr(self.get_queryset(), name)(*args, **kwargs)
           ~~~~~~~~~~~~~~~~~~~~~~~~~~~~~~~~~~^^^^^^^^^^^^^^^^^
  File "C:\Users\neera\OneDrive\Desktop\smart-placement-platform\venv\Lib\site-packages\django\db\models\query.py", line 669, in create
    obj.save(force_insert=True, using=self.db)
    ~~~~~~~~^^^^^^^^^^^^^^^^^^^^^^^^^^^^^^^^^^
  File "C:\Users\neera\OneDrive\Desktop\smart-placement-platform\venv\Lib\site-packages\django\db\models\base.py", line 874, in save
    self.save_base(
    ~~~~~~~~~~~~~~^
        using=using,
        ^^^^^^^^^^^^
    ...<2 lines>...
        update_fields=update_fields,
        ^^^^^^^^^^^^^^^^^^^^^^^^^^^^
    )
    ^
  File "C:\Users\neera\OneDrive\Desktop\smart-placement-platform\venv\Lib\site-packages\django\db\models\base.py", line 966, in save_base
    updated = self._save_table(
        raw,
    ...<4 lines>...
        update_fields,
    )
  File "C:\Users\neera\OneDrive\Desktop\smart-placement-platform\venv\Lib\site-packages\django\db\models\base.py", line 1169, in _save_table
    results = self._do_insert(
        cls._base_manager, using, insert_fields, returning_fields, raw
    )
  File "C:\Users\neera\OneDrive\Desktop\smart-placement-platform\venv\Lib\site-packages\django\db\models\base.py", line 1220, in _do_insert
    return manager._insert(
           ~~~~~~~~~~~~~~~^
        [self],
        ^^^^^^^
    ...<3 lines>...
        raw=raw,
        ^^^^^^^^
    )
    ^
  File "C:\Users\neera\OneDrive\Desktop\smart-placement-platform\venv\Lib\site-packages\django\db\models\manager.py", line 87, in manager_method
    return getattr(self.get_queryset(), name)(*args, **kwargs)
           ~~~~~~~~~~~~~~~~~~~~~~~~~~~~~~~~~~^^^^^^^^^^^^^^^^^
  File "C:\Users\neera\OneDrive\Desktop\smart-placement-platform\venv\Lib\site-packages\django\db\models\query.py", line 1918, in _insert
    return query.get_compiler(using=using).execute_sql(returning_fields)
           ~~~~~~~~~~~~~~~~~~~~~~~~~~~~~~~~~~~~~~~~~~~^^^^^^^^^^^^^^^^^^
  File "C:\Users\neera\OneDrive\Desktop\smart-placement-platform\venv\Lib\site-packages\django\db\models\sql\compiler.py", line 1925, in execute_sql
    cursor.execute(sql, params)
    ~~~~~~~~~~~~~~^^^^^^^^^^^^^
  File "C:\Users\neera\OneDrive\Desktop\smart-placement-platform\venv\Lib\site-packages\django\db\backends\utils.py", line 122, in execute
    return super().execute(sql, params)
           ~~~~~~~~~~~~~~~^^^^^^^^^^^^^
  File "C:\Users\neera\OneDrive\Desktop\smart-placement-platform\venv\Lib\site-packages\django\db\backends\utils.py", line 79, in execute
    return self._execute_with_wrappers(
           ~~~~~~~~~~~~~~~~~~~~~~~~~~~^
        sql, params, many=False, executor=self._execute
        ^^^^^^^^^^^^^^^^^^^^^^^^^^^^^^^^^^^^^^^^^^^^^^^
    )
    ^
  File "C:\Users\neera\OneDrive\Desktop\smart-placement-platform\venv\Lib\site-packages\django\db\backends\utils.py", line 92, in _execute_with_wrappers
    return executor(sql, params, many, context)
  File "C:\Users\neera\OneDrive\Desktop\smart-placement-platform\venv\Lib\site-packages\django\db\backends\utils.py", line 100, in _execute
    with self.db.wrap_database_errors:
         ^^^^^^^^^^^^^^^^^^^^^^^^^^^^
  File "C:\Users\neera\OneDrive\Desktop\smart-placement-platform\venv\Lib\site-packages\django\db\utils.py", line 94, in __exit__
    raise dj_exc_value.with_traceback(traceback) from exc_value
  File "C:\Users\neera\OneDrive\Desktop\smart-placement-platform\venv\Lib\site-packages\django\db\backends\utils.py", line 105, in _execute
    return self.cursor.execute(sql, params)
           ~~~~~~~~~~~~~~~~~~~^^^^^^^^^^^^^
  File "C:\Users\neera\OneDrive\Desktop\smart-placement-platform\venv\Lib\site-packages\django\db\backends\mysql\base.py", line 78, in execute
    return self.cursor.execute(query, args)
           ~~~~~~~~~~~~~~~~~~~^^^^^^^^^^^^^
  File "C:\Users\neera\OneDrive\Desktop\smart-placement-platform\venv\Lib\site-packages\MySQLdb\cursors.py", line 179, in execute
    res = self._query(mogrified_query)
  File "C:\Users\neera\OneDrive\Desktop\smart-placement-platform\venv\Lib\site-packages\MySQLdb\cursors.py", line 330, in _query
    db.query(q)
    ~~~~~~~~^^^
  File "C:\Users\neera\OneDrive\Desktop\smart-placement-platform\venv\Lib\site-packages\MySQLdb\connections.py", line 286, in query
    _mysql.connection.query(self, query)
    ~~~~~~~~~~~~~~~~~~~~~~~^^^^^^^^^^^^^
django.db.utils.IntegrityError: (1048, "Column 'date' cannot be null")
ERROR 2026-05-18 19:22:37,893 log "POST /api/auth/goals/ HTTP/1.1" 500 229817
INFO 2026-05-18 19:22:59,626 autoreload C:\Users\neera\OneDrive\Desktop\smart-placement-platform\accounts\views.py changed, reloading.
INFO 2026-05-18 19:23:00,753 autoreload Watching for file changes with StatReloader
INFO 2026-05-18 19:24:11,822 log "GET /api/health/ HTTP/1.1" 200 51
INFO 2026-05-18 19:24:12,286 log "GET /api/landing/ HTTP/1.1" 200 1831
INFO 2026-05-18 19:24:14,538 log "POST /api/auth/register/ HTTP/1.1" 201 690
INFO 2026-05-18 19:24:14,546 log "GET /api/auth/session/ HTTP/1.1" 200 150
INFO 2026-05-18 19:24:15,267 log "GET /api/auth/dashboard/ HTTP/1.1" 200 10820
INFO 2026-05-18 19:24:15,606 log "GET /api/auth/profile/ HTTP/1.1" 200 532
INFO 2026-05-18 19:24:16,004 log "GET /api/auth/settings/ HTTP/1.1" 200 194
INFO 2026-05-18 19:24:16,021 log "GET /api/auth/goals/ HTTP/1.1" 200 2
INFO 2026-05-18 19:24:16,037 log "GET /api/auth/streak/ HTTP/1.1" 200 39
INFO 2026-05-18 19:24:16,567 log "GET /api/learning-path/ HTTP/1.1" 200 28695
INFO 2026-05-18 19:24:17,129 log "GET /api/practice/ HTTP/1.1" 200 18923
INFO 2026-05-18 19:24:17,709 log "GET /api/tests/ HTTP/1.1" 200 4168
INFO 2026-05-18 19:24:18,084 log "GET /api/companies/ HTTP/1.1" 200 789
INFO 2026-05-18 19:24:18,691 log "GET /api/analytics/full/ HTTP/1.1" 200 7407
INFO 2026-05-18 19:24:18,975 log "GET /api/analytics/dashboard/ HTTP/1.1" 200 94
INFO 2026-05-18 19:24:19,254 log "GET /api/analytics/topic-accuracy/ HTTP/1.1" 200 2
INFO 2026-05-18 19:24:19,737 log "GET /api/analytics/overall-performance/ HTTP/1.1" 200 53
INFO 2026-05-18 19:24:19,756 log "GET /api/code/workspace/ HTTP/1.1" 200 632
INFO 2026-05-18 19:24:19,771 log "GET /api/code/submissions/ HTTP/1.1" 200 2
INFO 2026-05-18 19:24:19,783 log "GET /api/interview/config/ HTTP/1.1" 200 326
INFO 2026-05-18 19:24:19,802 log "GET /api/interview/history/ HTTP/1.1" 200 2
INFO 2026-05-18 19:24:19,856 log "POST /api/auth/goals/ HTTP/1.1" 201 88
INFO 2026-05-18 19:24:19,877 log "PUT /api/auth/goals/25/ HTTP/1.1" 200 87
INFO 2026-05-18 19:24:20,321 log "POST /api/code/execute/ HTTP/1.1" 200 89
INFO 2026-05-18 19:24:20,662 log "POST /api/interview/start/ HTTP/1.1" 200 212
INFO 2026-05-18 19:24:21,889 log "POST /api/interview/end/ HTTP/1.1" 200 160
INFO 2026-05-18 19:24:22,277 log "GET /api/tests/ HTTP/1.1" 200 4168
INFO 2026-05-18 19:24:23,196 log "POST /api/auth/login/ HTTP/1.1" 200 657
INFO 2026-05-18 19:24:23,639 log "GET /api/admin/overview/ HTTP/1.1" 200 53097
INFO 2026-05-18 19:24:23,681 log "PATCH /api/admin/users/11/ HTTP/1.1" 200 167
INFO 2026-05-18 19:24:23,708 log "POST /api/admin/content/ HTTP/1.1" 201 108
INFO 2026-05-18 19:24:23,734 log "PATCH /api/admin/tracks/12/ HTTP/1.1" 200 116
INFO 2026-05-18 19:24:23,760 log "POST /api/admin/content/ HTTP/1.1" 201 81
INFO 2026-05-18 19:24:23,787 log "PATCH /api/admin/topics/49/ HTTP/1.1" 200 84
INFO 2026-05-18 19:24:23,813 log "POST /api/admin/content/ HTTP/1.1" 201 53
INFO 2026-05-18 19:24:23,839 log "PATCH /api/admin/questions/104/ HTTP/1.1" 200 151
INFO 2026-05-18 19:24:23,924 log "POST /api/admin/content/ HTTP/1.1" 201 83
INFO 2026-05-18 19:24:23,995 log "PATCH /api/admin/tests/5/ HTTP/1.1" 200 715
INFO 2026-05-18 19:24:24,034 log "POST /api/admin/company-targets/ HTTP/1.1" 201 44
INFO 2026-05-18 19:24:24,056 log "PATCH /api/admin/company-targets/21/ HTTP/1.1" 200 44
INFO 2026-05-18 19:24:24,081 log "DELETE /api/admin/company-targets/21/ HTTP/1.1" 200 63
INFO 2026-05-18 19:24:24,116 log "DELETE /api/admin/tests/5/ HTTP/1.1" 204 0
INFO 2026-05-18 19:24:24,145 log "DELETE /api/admin/questions/104/ HTTP/1.1" 204 0
INFO 2026-05-18 19:24:24,177 log "DELETE /api/admin/topics/49/ HTTP/1.1" 204 0
INFO 2026-05-18 19:24:24,208 log "DELETE /api/admin/tracks/12/ HTTP/1.1" 204 0
INFO 2026-05-18 19:25:40,389 log "GET /api/health/ HTTP/1.1" 200 51
INFO 2026-05-18 19:25:40,739 log "GET /api/landing/ HTTP/1.1" 200 1831
INFO 2026-05-18 19:25:42,555 log "POST /api/auth/register/ HTTP/1.1" 201 690
INFO 2026-05-18 19:25:42,564 log "GET /api/auth/session/ HTTP/1.1" 200 150
INFO 2026-05-18 19:25:43,028 log "GET /api/auth/dashboard/ HTTP/1.1" 200 10820
INFO 2026-05-18 19:25:43,286 log "GET /api/auth/profile/ HTTP/1.1" 200 532
INFO 2026-05-18 19:25:43,573 log "GET /api/auth/settings/ HTTP/1.1" 200 194
INFO 2026-05-18 19:25:43,593 log "GET /api/auth/goals/ HTTP/1.1" 200 2
INFO 2026-05-18 19:25:43,612 log "GET /api/auth/streak/ HTTP/1.1" 200 39
INFO 2026-05-18 19:25:43,963 log "GET /api/learning-path/ HTTP/1.1" 200 28695
INFO 2026-05-18 19:25:44,318 log "GET /api/practice/ HTTP/1.1" 200 18923
INFO 2026-05-18 19:25:44,668 log "GET /api/tests/ HTTP/1.1" 200 4168
INFO 2026-05-18 19:25:44,988 log "GET /api/companies/ HTTP/1.1" 200 789
INFO 2026-05-18 19:25:45,401 log "GET /api/analytics/full/ HTTP/1.1" 200 7407
INFO 2026-05-18 19:25:45,705 log "GET /api/analytics/dashboard/ HTTP/1.1" 200 94
INFO 2026-05-18 19:25:46,027 log "GET /api/analytics/topic-accuracy/ HTTP/1.1" 200 2
INFO 2026-05-18 19:25:46,270 log "GET /api/analytics/overall-performance/ HTTP/1.1" 200 53
INFO 2026-05-18 19:25:46,279 log "GET /api/code/workspace/ HTTP/1.1" 200 632
INFO 2026-05-18 19:25:46,294 log "GET /api/code/submissions/ HTTP/1.1" 200 2
INFO 2026-05-18 19:25:46,304 log "GET /api/interview/config/ HTTP/1.1" 200 326
INFO 2026-05-18 19:25:46,325 log "GET /api/interview/history/ HTTP/1.1" 200 2
INFO 2026-05-18 19:25:46,402 log "POST /api/auth/goals/ HTTP/1.1" 201 88
INFO 2026-05-18 19:25:46,430 log "PUT /api/auth/goals/26/ HTTP/1.1" 200 87
INFO 2026-05-18 19:25:46,875 log "POST /api/code/execute/ HTTP/1.1" 200 88
INFO 2026-05-18 19:25:47,279 log "POST /api/interview/start/ HTTP/1.1" 200 212
INFO 2026-05-18 19:25:47,630 log "POST /api/interview/end/ HTTP/1.1" 200 160
INFO 2026-05-18 19:25:47,981 log "GET /api/tests/ HTTP/1.1" 200 4168
INFO 2026-05-18 19:25:48,273 log "GET /api/tests/3/ HTTP/1.1" 200 3135
INFO 2026-05-18 19:25:48,549 log "POST /api/tests/3/start/ HTTP/1.1" 200 181
INFO 2026-05-18 19:25:49,528 log "POST /api/auth/login/ HTTP/1.1" 200 657
INFO 2026-05-18 19:25:50,028 log "GET /api/admin/overview/ HTTP/1.1" 200 53097
INFO 2026-05-18 19:25:50,069 log "PATCH /api/admin/users/12/ HTTP/1.1" 200 167
INFO 2026-05-18 19:25:50,098 log "POST /api/admin/content/ HTTP/1.1" 201 108
INFO 2026-05-18 19:25:50,124 log "PATCH /api/admin/tracks/13/ HTTP/1.1" 200 116
INFO 2026-05-18 19:25:50,154 log "POST /api/admin/content/ HTTP/1.1" 201 81
INFO 2026-05-18 19:25:50,185 log "PATCH /api/admin/topics/50/ HTTP/1.1" 200 84
INFO 2026-05-18 19:25:50,224 log "POST /api/admin/content/ HTTP/1.1" 201 53
INFO 2026-05-18 19:25:50,255 log "PATCH /api/admin/questions/105/ HTTP/1.1" 200 151
INFO 2026-05-18 19:25:50,327 log "POST /api/admin/content/ HTTP/1.1" 201 83
INFO 2026-05-18 19:25:50,376 log "PATCH /api/admin/tests/6/ HTTP/1.1" 200 715
INFO 2026-05-18 19:25:50,424 log "POST /api/admin/company-targets/ HTTP/1.1" 201 44
INFO 2026-05-18 19:25:50,453 log "PATCH /api/admin/company-targets/22/ HTTP/1.1" 200 44
INFO 2026-05-18 19:25:50,481 log "DELETE /api/admin/company-targets/22/ HTTP/1.1" 200 63
INFO 2026-05-18 19:25:50,519 log "DELETE /api/admin/tests/6/ HTTP/1.1" 204 0
INFO 2026-05-18 19:25:50,554 log "DELETE /api/admin/questions/105/ HTTP/1.1" 204 0
INFO 2026-05-18 19:25:50,596 log "DELETE /api/admin/topics/50/ HTTP/1.1" 204 0
INFO 2026-05-18 19:25:50,636 log "DELETE /api/admin/tracks/13/ HTTP/1.1" 204 0
INFO 2026-05-18 19:26:13,920 log "OPTIONS /api/landing/ HTTP/1.1" 200 0
INFO 2026-05-18 19:26:13,922 log "OPTIONS /api/landing/ HTTP/1.1" 200 0
INFO 2026-05-18 19:26:14,387 log "GET /api/landing/ HTTP/1.1" 200 1831
INFO 2026-05-18 19:26:14,861 log "GET /api/landing/ HTTP/1.1" 200 1831
INFO 2026-05-18 19:30:49,197 log "POST /api/auth/register/ HTTP/1.1" 201 691
INFO 2026-05-18 19:30:50,185 log "POST /api/auth/login/ HTTP/1.1" 200 657
INFO 2026-05-18 19:30:51,116 basehttp - Broken pipe from ('127.0.0.1', 58617)
INFO 2026-05-18 19:30:51,116 basehttp - Broken pipe from ('127.0.0.1', 58613)
INFO 2026-05-18 19:32:03,258 log "POST /api/auth/register/ HTTP/1.1" 201 691
INFO 2026-05-18 19:32:04,217 log "POST /api/auth/login/ HTTP/1.1" 200 657
INFO 2026-05-18 19:32:05,408 log "OPTIONS /api/landing/ HTTP/1.1" 200 0
INFO 2026-05-18 19:32:05,411 log "OPTIONS /api/landing/ HTTP/1.1" 200 0
INFO 2026-05-18 19:32:05,721 log "GET /api/landing/ HTTP/1.1" 200 1831
INFO 2026-05-18 19:32:06,019 log "GET /api/landing/ HTTP/1.1" 200 1831
INFO 2026-05-18 19:32:08,565 log "OPTIONS /api/auth/register/ HTTP/1.1" 200 0
WARNING 2026-05-18 19:32:09,187 log Bad Request: /api/auth/register/
WARNING 2026-05-18 19:32:09,198 log "POST /api/auth/register/ HTTP/1.1" 400 45
INFO 2026-05-18 19:32:11,474 log "OPTIONS /api/landing/ HTTP/1.1" 200 0
INFO 2026-05-18 19:32:11,489 log "OPTIONS /api/landing/ HTTP/1.1" 200 0
INFO 2026-05-18 19:32:11,956 log "GET /api/landing/ HTTP/1.1" 200 1831
INFO 2026-05-18 19:32:12,376 log "GET /api/landing/ HTTP/1.1" 200 1831
INFO 2026-05-18 19:32:12,865 log "OPTIONS /api/auth/session/ HTTP/1.1" 200 0
INFO 2026-05-18 19:32:12,893 log "GET /api/auth/session/ HTTP/1.1" 200 151
INFO 2026-05-18 19:32:13,215 log "OPTIONS /api/auth/dashboard/ HTTP/1.1" 200 0
INFO 2026-05-18 19:32:13,224 log "OPTIONS /api/auth/dashboard/ HTTP/1.1" 200 0
INFO 2026-05-18 19:32:13,913 log "GET /api/auth/session/ HTTP/1.1" 200 151
INFO 2026-05-18 19:32:13,924 basehttp - Broken pipe from ('127.0.0.1', 60639)
INFO 2026-05-18 19:32:14,226 log "OPTIONS /api/learning-path/ HTTP/1.1" 200 0
INFO 2026-05-18 19:32:14,270 log "OPTIONS /api/learning-path/ HTTP/1.1" 200 0
INFO 2026-05-18 19:32:14,873 basehttp - Broken pipe from ('127.0.0.1', 50061)
INFO 2026-05-18 19:32:14,878 log "GET /api/auth/session/ HTTP/1.1" 200 151
INFO 2026-05-18 19:32:14,981 basehttp - Broken pipe from ('127.0.0.1', 58463)
INFO 2026-05-18 19:32:15,183 log "OPTIONS /api/practice/ HTTP/1.1" 200 0
INFO 2026-05-18 19:32:15,187 log "OPTIONS /api/practice/ HTTP/1.1" 200 0
INFO 2026-05-18 19:32:15,523 log "GET /api/practice/ HTTP/1.1" 200 18923
INFO 2026-05-18 19:32:15,907 log "GET /api/auth/session/ HTTP/1.1" 200 151
INFO 2026-05-18 19:32:16,027 basehttp - Broken pipe from ('127.0.0.1', 50061)
INFO 2026-05-18 19:32:16,240 log "OPTIONS /api/tests/ HTTP/1.1" 200 0
INFO 2026-05-18 19:32:16,254 log "OPTIONS /api/tests/ HTTP/1.1" 200 0
INFO 2026-05-18 19:32:16,948 basehttp - Broken pipe from ('127.0.0.1', 49313)
INFO 2026-05-18 19:32:17,016 log "GET /api/auth/session/ HTTP/1.1" 200 151
INFO 2026-05-18 19:32:17,345 log "OPTIONS /api/code/workspace/ HTTP/1.1" 200 0
INFO 2026-05-18 19:32:17,354 log "OPTIONS /api/code/workspace/ HTTP/1.1" 200 0
INFO 2026-05-18 19:32:17,366 log "GET /api/code/workspace/ HTTP/1.1" 200 632
INFO 2026-05-18 19:32:17,387 log "GET /api/code/workspace/ HTTP/1.1" 200 632
INFO 2026-05-18 19:32:18,024 log "GET /api/auth/session/ HTTP/1.1" 200 151
INFO 2026-05-18 19:32:18,354 log "OPTIONS /api/interview/config/ HTTP/1.1" 200 0
INFO 2026-05-18 19:32:18,355 log "OPTIONS /api/interview/config/ HTTP/1.1" 200 0
INFO 2026-05-18 19:32:18,362 log "GET /api/interview/config/ HTTP/1.1" 200 326
INFO 2026-05-18 19:32:18,371 log "GET /api/interview/config/ HTTP/1.1" 200 326
INFO 2026-05-18 19:32:19,064 log "GET /api/auth/session/ HTTP/1.1" 200 151
INFO 2026-05-18 19:32:19,392 log "OPTIONS /api/analytics/full/ HTTP/1.1" 200 0
INFO 2026-05-18 19:32:19,393 log "OPTIONS /api/analytics/full/ HTTP/1.1" 200 0
INFO 2026-05-18 19:32:19,891 log "GET /api/analytics/full/ HTTP/1.1" 200 7407
INFO 2026-05-18 19:32:20,413 log "GET /api/analytics/full/ HTTP/1.1" 200 7407
INFO 2026-05-18 19:32:20,715 log "GET /api/auth/session/ HTTP/1.1" 200 151
INFO 2026-05-18 19:32:21,042 log "OPTIONS /api/companies/ HTTP/1.1" 200 0
INFO 2026-05-18 19:32:21,047 log "OPTIONS /api/companies/ HTTP/1.1" 200 0
INFO 2026-05-18 19:32:21,400 log "GET /api/companies/ HTTP/1.1" 200 789
INFO 2026-05-18 19:32:21,669 basehttp - Broken pipe from ('127.0.0.1', 49667)
INFO 2026-05-18 19:32:21,714 log "GET /api/auth/session/ HTTP/1.1" 200 151
INFO 2026-05-18 19:32:22,035 log "OPTIONS /api/auth/profile/ HTTP/1.1" 200 0
INFO 2026-05-18 19:32:22,041 log "OPTIONS /api/auth/profile/ HTTP/1.1" 200 0
INFO 2026-05-18 19:32:22,401 log "GET /api/auth/profile/ HTTP/1.1" 200 533
INFO 2026-05-18 19:32:22,774 log "GET /api/auth/session/ HTTP/1.1" 200 151
INFO 2026-05-18 19:32:22,918 basehttp - Broken pipe from ('127.0.0.1', 51654)
INFO 2026-05-18 19:32:23,098 log "OPTIONS /api/auth/settings/ HTTP/1.1" 200 0
INFO 2026-05-18 19:32:23,106 log "OPTIONS /api/auth/settings/ HTTP/1.1" 200 0
INFO 2026-05-18 19:32:23,507 log "GET /api/auth/settings/ HTTP/1.1" 200 195
INFO 2026-05-18 19:32:23,841 log "GET /api/auth/session/ HTTP/1.1" 200 151
INFO 2026-05-18 19:32:23,990 basehttp - Broken pipe from ('127.0.0.1', 59056)
INFO 2026-05-18 19:32:24,855 log "GET /api/auth/dashboard/ HTTP/1.1" 200 10822
INFO 2026-05-18 19:32:25,053 log "GET /api/auth/session/ HTTP/1.1" 200 151
INFO 2026-05-18 19:32:25,595 basehttp - Broken pipe from ('127.0.0.1', 60949)
INFO 2026-05-18 19:32:26,169 log "GET /api/tests/ HTTP/1.1" 200 4168
INFO 2026-05-18 19:32:26,677 log "OPTIONS /api/auth/session/ HTTP/1.1" 200 0
INFO 2026-05-18 19:32:26,699 log "GET /api/auth/session/ HTTP/1.1" 200 151
INFO 2026-05-18 19:32:27,011 log "GET /api/tests/ HTTP/1.1" 200 4168
INFO 2026-05-18 19:32:27,085 log "OPTIONS /api/auth/dashboard/ HTTP/1.1" 200 0
INFO 2026-05-18 19:32:28,754 log "GET /api/auth/dashboard/ HTTP/1.1" 200 10822
INFO 2026-05-18 19:32:28,834 log "OPTIONS /api/auth/session/ HTTP/1.1" 200 0
INFO 2026-05-18 19:32:28,886 log "GET /api/auth/session/ HTTP/1.1" 200 131
INFO 2026-05-18 19:32:29,261 log "OPTIONS /api/admin/overview/ HTTP/1.1" 200 0
INFO 2026-05-18 19:32:29,271 log "OPTIONS /api/admin/overview/ HTTP/1.1" 200 0
INFO 2026-05-18 19:32:29,979 log "GET /api/auth/session/ HTTP/1.1" 200 131
INFO 2026-05-18 19:32:30,049 log "GET /api/auth/dashboard/ HTTP/1.1" 200 10822
INFO 2026-05-18 19:32:30,576 basehttp - Broken pipe from ('127.0.0.1', 61862)
INFO 2026-05-18 19:32:31,154 log "GET /api/admin/overview/ HTTP/1.1" 200 53098
INFO 2026-05-18 19:32:31,895 log "GET /api/admin/overview/ HTTP/1.1" 200 53098
INFO 2026-05-18 19:34:12,240 log "POST /api/auth/register/ HTTP/1.1" 201 691
INFO 2026-05-18 19:34:13,205 log "POST /api/auth/login/ HTTP/1.1" 200 657
INFO 2026-05-18 19:34:14,022 log "OPTIONS /api/landing/ HTTP/1.1" 200 0
INFO 2026-05-18 19:34:14,022 log "OPTIONS /api/landing/ HTTP/1.1" 200 0
INFO 2026-05-18 19:34:14,316 log "GET /api/landing/ HTTP/1.1" 200 1831
INFO 2026-05-18 19:34:14,608 basehttp - Broken pipe from ('127.0.0.1', 54393)
INFO 2026-05-18 19:34:15,462 log "OPTIONS /api/auth/register/ HTTP/1.1" 200 0
WARNING 2026-05-18 19:34:15,744 log Bad Request: /api/auth/register/
WARNING 2026-05-18 19:34:15,745 log "POST /api/auth/register/ HTTP/1.1" 400 45
INFO 2026-05-18 19:34:16,714 log "OPTIONS /api/landing/ HTTP/1.1" 200 0
INFO 2026-05-18 19:34:16,715 log "OPTIONS /api/landing/ HTTP/1.1" 200 0
INFO 2026-05-18 19:34:17,009 log "GET /api/landing/ HTTP/1.1" 200 1831
INFO 2026-05-18 19:34:17,299 log "GET /api/landing/ HTTP/1.1" 200 1831
INFO 2026-05-18 19:34:17,534 log "OPTIONS /api/auth/session/ HTTP/1.1" 200 0
INFO 2026-05-18 19:34:17,544 log "GET /api/auth/session/ HTTP/1.1" 200 151
INFO 2026-05-18 19:34:17,863 log "OPTIONS /api/auth/dashboard/ HTTP/1.1" 200 0
INFO 2026-05-18 19:34:17,867 log "OPTIONS /api/auth/dashboard/ HTTP/1.1" 200 0
INFO 2026-05-18 19:34:18,409 log "GET /api/auth/dashboard/ HTTP/1.1" 200 10822
INFO 2026-05-18 19:34:18,536 log "GET /api/auth/session/ HTTP/1.1" 200 151
INFO 2026-05-18 19:34:18,851 log "OPTIONS /api/learning-path/ HTTP/1.1" 200 0
INFO 2026-05-18 19:34:18,871 log "OPTIONS /api/learning-path/ HTTP/1.1" 200 0
INFO 2026-05-18 19:34:18,962 log "GET /api/auth/session/ HTTP/1.1" 200 151
INFO 2026-05-18 19:34:18,975 basehttp - Broken pipe from ('127.0.0.1', 50592)
INFO 2026-05-18 19:34:19,278 log "OPTIONS /api/practice/ HTTP/1.1" 200 0
INFO 2026-05-18 19:34:19,309 log "OPTIONS /api/practice/ HTTP/1.1" 200 0
INFO 2026-05-18 19:34:19,347 basehttp - Broken pipe from ('127.0.0.1', 63600)
INFO 2026-05-18 19:34:19,406 basehttp - Broken pipe from ('127.0.0.1', 58862)
INFO 2026-05-18 19:34:19,412 log "GET /api/auth/session/ HTTP/1.1" 200 151
INFO 2026-05-18 19:34:19,675 basehttp - Broken pipe from ('127.0.0.1', 64149)
INFO 2026-05-18 19:34:19,737 log "OPTIONS /api/tests/ HTTP/1.1" 200 0
INFO 2026-05-18 19:34:19,744 log "OPTIONS /api/tests/ HTTP/1.1" 200 0
INFO 2026-05-18 19:34:19,848 log "GET /api/auth/session/ HTTP/1.1" 200 151
INFO 2026-05-18 19:34:20,161 log "OPTIONS /api/code/workspace/ HTTP/1.1" 200 0
INFO 2026-05-18 19:34:20,173 log "OPTIONS /api/code/workspace/ HTTP/1.1" 200 0
INFO 2026-05-18 19:34:20,201 log "GET /api/code/workspace/ HTTP/1.1" 200 632
INFO 2026-05-18 19:34:20,215 basehttp - Broken pipe from ('127.0.0.1', 51493)
INFO 2026-05-18 19:34:20,226 log "GET /api/code/workspace/ HTTP/1.1" 200 632
INFO 2026-05-18 19:34:20,306 log "GET /api/auth/session/ HTTP/1.1" 200 151
INFO 2026-05-18 19:34:20,627 log "OPTIONS /api/interview/config/ HTTP/1.1" 200 0
INFO 2026-05-18 19:34:20,629 log "OPTIONS /api/interview/config/ HTTP/1.1" 200 0
INFO 2026-05-18 19:34:20,648 log "GET /api/interview/config/ HTTP/1.1" 200 326
INFO 2026-05-18 19:34:20,664 log "GET /api/interview/config/ HTTP/1.1" 200 326
INFO 2026-05-18 19:34:20,795 log "GET /api/auth/session/ HTTP/1.1" 200 151
INFO 2026-05-18 19:34:21,114 log "OPTIONS /api/analytics/full/ HTTP/1.1" 200 0
INFO 2026-05-18 19:34:21,116 log "OPTIONS /api/analytics/full/ HTTP/1.1" 200 0
INFO 2026-05-18 19:34:21,243 log "GET /api/auth/session/ HTTP/1.1" 200 151
INFO 2026-05-18 19:34:21,554 log "OPTIONS /api/companies/ HTTP/1.1" 200 0
INFO 2026-05-18 19:34:21,563 log "OPTIONS /api/companies/ HTTP/1.1" 200 0
INFO 2026-05-18 19:34:21,654 basehttp - Broken pipe from ('127.0.0.1', 54808)
INFO 2026-05-18 19:34:21,704 log "GET /api/auth/session/ HTTP/1.1" 200 151
INFO 2026-05-18 19:34:21,957 basehttp - Broken pipe from ('127.0.0.1', 53132)
INFO 2026-05-18 19:34:22,010 basehttp - Broken pipe from ('127.0.0.1', 50075)
INFO 2026-05-18 19:34:22,016 log "OPTIONS /api/auth/profile/ HTTP/1.1" 200 0
INFO 2026-05-18 19:34:22,027 log "OPTIONS /api/auth/profile/ HTTP/1.1" 200 0
INFO 2026-05-18 19:34:22,221 log "GET /api/auth/session/ HTTP/1.1" 200 151
INFO 2026-05-18 19:34:22,426 basehttp - Broken pipe from ('127.0.0.1', 59693)
INFO 2026-05-18 19:34:22,470 basehttp - Broken pipe from ('127.0.0.1', 50061)
INFO 2026-05-18 19:34:22,532 log "OPTIONS /api/auth/settings/ HTTP/1.1" 200 0
INFO 2026-05-18 19:34:22,541 log "OPTIONS /api/auth/settings/ HTTP/1.1" 200 0
INFO 2026-05-18 19:34:22,642 log "GET /api/auth/session/ HTTP/1.1" 200 151
INFO 2026-05-18 19:34:22,845 basehttp - Broken pipe from ('127.0.0.1', 60856)
INFO 2026-05-18 19:34:23,429 log "GET /api/auth/dashboard/ HTTP/1.1" 200 10822
INFO 2026-05-18 19:34:23,824 log "GET /api/auth/session/ HTTP/1.1" 200 151
INFO 2026-05-18 19:34:24,146 basehttp - Broken pipe from ('127.0.0.1', 58797)
INFO 2026-05-18 19:34:24,633 log "GET /api/tests/ HTTP/1.1" 200 4168
INFO 2026-05-18 19:34:24,806 log "OPTIONS /api/tests/3/start/ HTTP/1.1" 200 0
INFO 2026-05-18 19:34:25,228 log "GET /api/tests/ HTTP/1.1" 200 4168
INFO 2026-05-18 19:34:25,364 log "POST /api/tests/3/start/ HTTP/1.1" 200 181
INFO 2026-05-18 19:34:25,374 log "OPTIONS /api/tests/3/ HTTP/1.1" 200 0
INFO 2026-05-18 19:34:25,803 log "GET /api/tests/3/ HTTP/1.1" 200 3135
INFO 2026-05-18 19:34:26,508 log "OPTIONS /api/auth/session/ HTTP/1.1" 200 0
INFO 2026-05-18 19:34:26,534 log "GET /api/auth/session/ HTTP/1.1" 200 151
INFO 2026-05-18 19:34:26,860 log "OPTIONS /api/auth/dashboard/ HTTP/1.1" 200 0
INFO 2026-05-18 19:34:26,895 log "OPTIONS /api/auth/dashboard/ HTTP/1.1" 200 0
INFO 2026-05-18 19:34:28,080 log "GET /api/auth/dashboard/ HTTP/1.1" 200 10822
INFO 2026-05-18 19:34:29,137 log "OPTIONS /api/auth/session/ HTTP/1.1" 200 0
INFO 2026-05-18 19:34:29,188 log "GET /api/auth/session/ HTTP/1.1" 200 131
INFO 2026-05-18 19:34:29,281 log "GET /api/auth/dashboard/ HTTP/1.1" 200 10822
INFO 2026-05-18 19:34:29,521 log "OPTIONS /api/admin/overview/ HTTP/1.1" 200 0
INFO 2026-05-18 19:34:29,528 log "OPTIONS /api/admin/overview/ HTTP/1.1" 200 0
INFO 2026-05-18 19:34:30,329 log "GET /api/admin/overview/ HTTP/1.1" 200 53098
INFO 2026-05-18 19:34:30,530 log "GET /api/auth/session/ HTTP/1.1" 200 131
INFO 2026-05-18 19:34:31,215 basehttp - Broken pipe from ('127.0.0.1', 62247)
INFO 2026-05-18 19:34:31,773 log "GET /api/admin/overview/ HTTP/1.1" 200 53098
INFO 2026-05-18 19:34:32,692 log "GET /api/admin/overview/ HTTP/1.1" 200 53098
INFO 2026-05-26 05:05:01,909 autoreload Watching for file changes with StatReloader
INFO 2026-05-26 05:06:28,708 log "OPTIONS /api/landing/ HTTP/1.1" 200 0
INFO 2026-05-26 05:06:28,709 log "OPTIONS /api/landing/ HTTP/1.1" 200 0
INFO 2026-05-26 05:06:29,086 log "GET /api/landing/ HTTP/1.1" 200 1831
INFO 2026-05-26 05:06:29,287 log "GET /api/landing/ HTTP/1.1" 200 1831
INFO 2026-05-26 05:06:38,750 log "OPTIONS /api/auth/session/ HTTP/1.1" 200 0
WARNING 2026-05-26 05:06:38,798 log Unauthorized: /api/auth/session/
WARNING 2026-05-26 05:06:38,800 log "GET /api/auth/session/ HTTP/1.1" 401 172
INFO 2026-05-26 05:06:38,804 log "OPTIONS /api/auth/token/refresh/ HTTP/1.1" 200 0
WARNING 2026-05-26 05:06:38,809 log Unauthorized: /api/auth/token/refresh/
WARNING 2026-05-26 05:06:38,810 log "POST /api/auth/token/refresh/ HTTP/1.1" 401 44
INFO 2026-05-26 05:06:45,300 log "OPTIONS /api/landing/ HTTP/1.1" 200 0
INFO 2026-05-26 05:06:45,304 log "OPTIONS /api/landing/ HTTP/1.1" 200 0
INFO 2026-05-26 05:06:45,602 log "GET /api/landing/ HTTP/1.1" 200 1831
INFO 2026-05-26 05:06:45,928 log "GET /api/landing/ HTTP/1.1" 200 1831
WARNING 2026-05-26 05:13:27,981 log Unauthorized: /api/auth/session/
WARNING 2026-05-26 05:13:27,984 log "GET /api/auth/session/ HTTP/1.1" 401 58
INFO 2026-05-26 05:13:28,012 basehttp - Broken pipe from ('127.0.0.1', 53499)
INFO 2026-05-26 05:13:28,520 autoreload Watching for file changes with StatReloader
INFO 2026-05-26 05:14:02,389 log "OPTIONS /api/auth/login/ HTTP/1.1" 200 0
INFO 2026-05-26 05:14:03,817 log "POST /api/auth/login/ HTTP/1.1" 200 667
INFO 2026-05-26 05:14:03,958 log "OPTIONS /api/auth/dashboard/ HTTP/1.1" 200 0
INFO 2026-05-26 05:14:03,960 log "OPTIONS /api/auth/dashboard/ HTTP/1.1" 200 0
INFO 2026-05-26 05:14:04,657 log "GET /api/auth/dashboard/ HTTP/1.1" 200 14157
INFO 2026-05-26 05:14:05,172 log "GET /api/auth/dashboard/ HTTP/1.1" 200 14157
INFO 2026-05-26 05:14:30,466 log "GET /api/auth/dashboard/ HTTP/1.1" 200 14157
INFO 2026-05-26 05:16:14,361 log "GET /api/landing/ HTTP/1.1" 200 1831
INFO 2026-05-26 05:16:14,659 log "GET /api/landing/ HTTP/1.1" 200 1831
INFO 2026-05-26 05:16:30,944 log "OPTIONS /api/auth/login/ HTTP/1.1" 200 0
INFO 2026-05-26 05:16:32,339 log "POST /api/auth/login/ HTTP/1.1" 200 645
INFO 2026-05-26 05:16:32,532 log "OPTIONS /api/auth/dashboard/ HTTP/1.1" 200 0
INFO 2026-05-26 05:16:32,532 log "OPTIONS /api/auth/dashboard/ HTTP/1.1" 200 0
INFO 2026-05-26 05:16:33,058 log "GET /api/auth/dashboard/ HTTP/1.1" 200 13130
INFO 2026-05-26 05:16:33,526 log "GET /api/auth/dashboard/ HTTP/1.1" 200 13130
INFO 2026-05-26 05:16:55,029 log "OPTIONS /api/auth/logout/ HTTP/1.1" 200 0
INFO 2026-05-26 05:16:55,039 log "POST /api/auth/logout/ HTTP/1.1" 200 37
INFO 2026-05-26 05:16:59,365 log "POST /api/auth/login/ HTTP/1.1" 200 657
INFO 2026-05-26 05:16:59,425 log "OPTIONS /api/admin/overview/ HTTP/1.1" 200 0
INFO 2026-05-26 05:16:59,426 log "OPTIONS /api/admin/overview/ HTTP/1.1" 200 0
INFO 2026-05-26 05:16:59,882 log "GET /api/admin/overview/ HTTP/1.1" 200 52750
INFO 2026-05-26 05:17:00,361 log "GET /api/admin/overview/ HTTP/1.1" 200 52750
INFO 2026-05-26 05:17:07,122 log "GET /api/admin/overview/ HTTP/1.1" 200 52750
INFO 2026-05-26 05:17:07,636 log "GET /api/admin/overview/ HTTP/1.1" 200 52750
INFO 2026-05-26 05:17:25,791 log "POST /api/auth/logout/ HTTP/1.1" 200 37
INFO 2026-05-26 05:17:26,115 log "GET /api/landing/ HTTP/1.1" 200 1831
INFO 2026-05-26 05:17:26,376 log "GET /api/landing/ HTTP/1.1" 200 1831
INFO 2026-05-26 05:17:33,654 log "GET /api/landing/ HTTP/1.1" 200 1831
INFO 2026-05-26 05:17:33,978 log "GET /api/landing/ HTTP/1.1" 200 1831
INFO 2026-05-26 05:18:29,166 log "POST /api/auth/login/ HTTP/1.1" 200 645
INFO 2026-05-26 05:18:30,203 log "GET /api/auth/dashboard/ HTTP/1.1" 200 13130
INFO 2026-05-26 05:18:30,890 log "GET /api/auth/dashboard/ HTTP/1.1" 200 13130
INFO 2026-05-26 05:23:49,970 log "POST /api/auth/logout/ HTTP/1.1" 200 37
INFO 2026-05-26 05:23:56,315 log "GET /api/landing/ HTTP/1.1" 200 1831
INFO 2026-05-26 05:23:56,972 log "GET /api/landing/ HTTP/1.1" 200 1831
INFO 2026-05-26 05:24:15,837 log "OPTIONS /api/auth/session/ HTTP/1.1" 200 0
INFO 2026-05-26 05:24:15,852 log "GET /api/auth/session/ HTTP/1.1" 200 141
INFO 2026-05-26 05:24:17,116 log "GET /api/auth/dashboard/ HTTP/1.1" 200 14157
INFO 2026-05-26 05:24:17,658 log "GET /api/auth/dashboard/ HTTP/1.1" 200 14157
INFO 2026-05-26 05:24:37,281 log "GET /api/auth/session/ HTTP/1.1" 200 141
INFO 2026-05-26 05:24:37,708 log "OPTIONS /api/landing/ HTTP/1.1" 200 0
INFO 2026-05-26 05:24:37,708 log "OPTIONS /api/landing/ HTTP/1.1" 200 0
INFO 2026-05-26 05:24:38,412 log "GET /api/landing/ HTTP/1.1" 200 1831
INFO 2026-05-26 05:24:39,185 log "GET /api/landing/ HTTP/1.1" 200 1831
INFO 2026-05-26 05:25:37,708 log "GET /api/auth/session/ HTTP/1.1" 200 141
INFO 2026-05-26 05:25:39,418 log "GET /api/auth/dashboard/ HTTP/1.1" 200 14157
INFO 2026-05-26 05:25:40,478 log "GET /api/auth/dashboard/ HTTP/1.1" 200 14157
INFO 2026-05-26 05:26:29,423 log "OPTIONS /api/auth/logout/ HTTP/1.1" 200 0
INFO 2026-05-26 05:26:29,435 log "POST /api/auth/logout/ HTTP/1.1" 200 37
INFO 2026-05-26 05:33:50,737 log "GET /api/landing/ HTTP/1.1" 200 1831
INFO 2026-05-26 05:33:51,039 log "GET /api/landing/ HTTP/1.1" 200 1831
INFO 2026-05-26 05:34:21,921 log "POST /api/auth/login/ HTTP/1.1" 200 645
INFO 2026-05-26 05:34:22,461 log "GET /api/auth/dashboard/ HTTP/1.1" 200 13131
INFO 2026-05-26 05:34:22,888 log "GET /api/auth/dashboard/ HTTP/1.1" 200 13131
INFO 2026-05-26 05:35:25,198 log "GET /api/landing/ HTTP/1.1" 200 1831
INFO 2026-05-26 05:35:25,475 log "GET /api/landing/ HTTP/1.1" 200 1831
INFO 2026-05-26 05:35:54,124 log "OPTIONS /api/auth/settings/ HTTP/1.1" 200 0
INFO 2026-05-26 05:35:54,124 log "OPTIONS /api/auth/settings/ HTTP/1.1" 200 0
INFO 2026-05-26 05:35:54,474 log "GET /api/auth/settings/ HTTP/1.1" 200 165
INFO 2026-05-26 05:35:54,767 log "GET /api/auth/settings/ HTTP/1.1" 200 165
INFO 2026-05-26 05:35:55,445 log "POST /api/auth/logout/ HTTP/1.1" 200 37
INFO 2026-05-26 05:35:59,195 log "GET /api/landing/ HTTP/1.1" 200 1831
INFO 2026-05-26 05:35:59,734 log "GET /api/landing/ HTTP/1.1" 200 1831
INFO 2026-05-26 05:36:01,489 log "GET /api/landing/ HTTP/1.1" 200 1831
INFO 2026-05-26 05:36:01,866 log "GET /api/landing/ HTTP/1.1" 200 1831
INFO 2026-05-26 05:38:52,835 log "GET /api/landing/ HTTP/1.1" 200 1831
INFO 2026-05-26 05:38:53,557 log "GET /api/landing/ HTTP/1.1" 200 1831
INFO 2026-05-26 05:41:05,434 log "GET /api/landing/ HTTP/1.1" 200 1831
INFO 2026-05-26 05:41:05,738 log "GET /api/landing/ HTTP/1.1" 200 1831
INFO 2026-05-26 05:41:06,574 log "GET /api/landing/ HTTP/1.1" 200 1831
INFO 2026-05-26 05:41:06,891 log "GET /api/landing/ HTTP/1.1" 200 1831
INFO 2026-05-26 05:41:24,897 log "GET /api/landing/ HTTP/1.1" 200 1831
INFO 2026-05-26 05:41:27,563 log "GET /api/landing/ HTTP/1.1" 200 1831
INFO 2026-05-26 05:41:49,744 log "GET /api/landing/ HTTP/1.1" 200 1831
INFO 2026-05-26 05:41:50,025 log "GET /api/landing/ HTTP/1.1" 200 1831
INFO 2026-05-26 05:42:27,538 log "GET /api/landing/ HTTP/1.1" 200 1831
INFO 2026-05-26 05:42:27,808 log "GET /api/landing/ HTTP/1.1" 200 1831
INFO 2026-05-26 05:42:33,932 log "GET /api/landing/ HTTP/1.1" 200 1831
INFO 2026-05-26 05:42:34,342 log "GET /api/landing/ HTTP/1.1" 200 1831
INFO 2026-05-26 05:43:02,801 log "GET /api/landing/ HTTP/1.1" 200 1831
INFO 2026-05-26 05:43:03,682 log "GET /api/landing/ HTTP/1.1" 200 1831
INFO 2026-05-26 06:12:39,299 log "POST /api/auth/login/ HTTP/1.1" 200 645
INFO 2026-05-26 06:12:39,912 log "GET /api/auth/dashboard/ HTTP/1.1" 200 13131
INFO 2026-05-26 06:12:40,382 log "GET /api/auth/dashboard/ HTTP/1.1" 200 13131
INFO 2026-05-26 06:25:24,506 log "POST /api/auth/logout/ HTTP/1.1" 200 37
INFO 2026-05-27 04:55:06,397 autoreload Watching for file changes with StatReloader
